{"revenue":0.134045,"volume":670.2276800000001,"count":2,"uniqueUsers":1,"userAggregations":[{"user":"0xcf625970c3088eb4f177f697b77293b6fea430e0","builder_fee":0.134045,"total_volume":670.2276800000001,"count":2}],"summary":true}
