{"revenue":0.023372,"volume":116.87316,"count":4,"uniqueUsers":1,"userAggregations":[{"user":"0xcf625970c3088eb4f177f697b77293b6fea430e0","builder_fee":0.023372,"total_volume":116.87316,"count":4}],"summary":true}