{"revenue":1781.453055000002,"volume":17814538.478757974,"count":1686,"uniqueUsers":3,"userAggregations":[{"user":"0x57fc5d089f5aecf327b40472bcf52f52cf31928a","builder_fee":585.0128689999996,"total_volume":5850133.464447995,"count":1002},{"user":"0x1c95463aec3666f5f766aed360de86b56110d18f","builder_fee":122.97857400000034,"total_volume":1229787.806950002,"count":465},{"user":"0x7e8bf08ed074eb98033594c19f3bf13aff05502c","builder_fee":1073.4616119999991,"total_volume":10734617.207359992,"count":219}],"summary":true}
