{"revenue":1354.4418829999988,"volume":13544428.720003972,"count":2075,"uniqueUsers":3,"userAggregations":[{"user":"0x1c95463aec3666f5f766aed360de86b56110d18f","builder_fee":100.70827999999999,"total_volume":1007085.3733299999,"count":473},{"user":"0x57fc5d089f5aecf327b40472bcf52f52cf31928a","builder_fee":1216.6945539999986,"total_volume":12166952.402074,"count":1491},{"user":"0x8af700ba841f30e0a3fcb0ee4c4a9d223e1efa05","builder_fee":37.039049,"total_volume":370390.9446000001,"count":111}],"summary":true}