{"revenue":11133.98324900003,"volume":111339850.7412949,"count":4214,"uniqueUsers":2,"userAggregations":[{"user":"0x57fc5d089f5aecf327b40472bcf52f52cf31928a","builder_fee":545.0963469999995,"total_volume":5450971.072884999,"count":1644},{"user":"0x7e8bf08ed074eb98033594c19f3bf13aff05502c","builder_fee":10588.886902000011,"total_volume":105888879.66840987,"count":2570}],"summary":true}
