{"revenue":32.60259599999999,"volume":326026.7762760002,"count":152,"uniqueUsers":2,"userAggregations":[{"user":"0x973162c7c96d8141b658e6effb5f610e92d322d7","builder_fee":11.278941000000001,"total_volume":112789.46466999999,"count":8},{"user":"0x57fc5d089f5aecf327b40472bcf52f52cf31928a","builder_fee":21.323655000000027,"total_volume":213237.31160599994,"count":144}],"summary":true}
