{"revenue":8534.905126999862,"volume":85349075.3080874,"count":5581,"uniqueUsers":3,"userAggregations":[{"user":"0x57fc5d089f5aecf327b40472bcf52f52cf31928a","builder_fee":177.20273399999996,"total_volume":1772030.1446169997,"count":565},{"user":"0x1c95463aec3666f5f766aed360de86b56110d18f","builder_fee":1221.227430000002,"total_volume":12212280.750590015,"count":1356},{"user":"0x7e8bf08ed074eb98033594c19f3bf13aff05502c","builder_fee":7136.474962999939,"total_volume":71364764.41288018,"count":3660}],"summary":true}
