{"revenue":577.2063890000001,"volume":5772065.411794001,"count":361,"uniqueUsers":2,"userAggregations":[{"user":"0x57fc5d089f5aecf327b40472bcf52f52cf31928a","builder_fee":39.89233400000003,"total_volume":398924.37968400004,"count":213},{"user":"0x7e8bf08ed074eb98033594c19f3bf13aff05502c","builder_fee":537.3140549999999,"total_volume":5373141.032110001,"count":148}],"summary":true}
