{"revenue":35.53295811000001,"volume":560493.3598179994,"count":713,"uniqueUsers":2,"userAggregations":[{"user":"0x57fc5d089f5aecf327b40472bcf52f52cf31928a","builder_fee":15.047619999999998,"total_volume":150476.429354,"count":62},{"user":"0x8af700ba841f30e0a3fcb0ee4c4a9d223e1efa05","builder_fee":20.48533810999999,"total_volume":410016.93046400027,"count":651}],"summary":true}