{"revenue":4549.708442000006,"volume":45497095.73065107,"count":2538,"uniqueUsers":2,"userAggregations":[{"user":"0x57fc5d089f5aecf327b40472bcf52f52cf31928a","builder_fee":482.34104100000025,"total_volume":4823416.552901002,"count":1303},{"user":"0x7e8bf08ed074eb98033594c19f3bf13aff05502c","builder_fee":4067.367401000001,"total_volume":40673679.17774998,"count":1235}],"summary":true}
