{"revenue":2695.332595000011,"volume":26953337.478638984,"count":2538,"uniqueUsers":3,"userAggregations":[{"user":"0x1c95463aec3666f5f766aed360de86b56110d18f","builder_fee":107.70808200000013,"total_volume":1077083.7226800006,"count":568},{"user":"0x7e8bf08ed074eb98033594c19f3bf13aff05502c","builder_fee":2036.8497499999983,"total_volume":20368501.10083,"count":898},{"user":"0x57fc5d089f5aecf327b40472bcf52f52cf31928a","builder_fee":550.774762999999,"total_volume":5507752.655129011,"count":1072}],"summary":true}