{"revenue":242.10132982999977,"volume":2923063.1412520055,"count":1638,"uniqueUsers":2,"userAggregations":[{"user":"0x57fc5d089f5aecf327b40472bcf52f52cf31928a","builder_fee":191.850833,"total_volume":1918510.726670001,"count":510},{"user":"0x8af700ba841f30e0a3fcb0ee4c4a9d223e1efa05","builder_fee":50.250496829999996,"total_volume":1004552.4145819972,"count":1128}],"summary":true}