{"revenue":22073.097405999495,"volume":220731013.8506573,"count":9527,"uniqueUsers":4,"userAggregations":[{"user":"0x57fc5d089f5aecf327b40472bcf52f52cf31928a","builder_fee":1210.4292389999987,"total_volume":12104305.313018037,"count":2864},{"user":"0x1c95463aec3666f5f766aed360de86b56110d18f","builder_fee":4632.995147000016,"total_volume":46329958.37189996,"count":1512},{"user":"0x7e8bf08ed074eb98033594c19f3bf13aff05502c","builder_fee":12582.816642000016,"total_volume":125828176.04488972,"count":2619},{"user":"0x8af700ba841f30e0a3fcb0ee4c4a9d223e1efa05","builder_fee":3646.856378000011,"total_volume":36468574.12085004,"count":2532}],"summary":true}