{"revenue":542.0362370000008,"volume":5420370.633974002,"count":1703,"uniqueUsers":2,"userAggregations":[{"user":"0x57fc5d089f5aecf327b40472bcf52f52cf31928a","builder_fee":458.3053709999999,"total_volume":4583061.677433996,"count":1634},{"user":"0x7e8bf08ed074eb98033594c19f3bf13aff05502c","builder_fee":83.73086599999993,"total_volume":837308.9565399999,"count":69}],"summary":true}
