{"revenue":3219.6684058099954,"volume":32237536.275566977,"count":1963,"uniqueUsers":4,"userAggregations":[{"user":"0x8af700ba841f30e0a3fcb0ee4c4a9d223e1efa05","builder_fee":20.775897810000004,"total_volume":248603.4002570001,"count":142},{"user":"0x1c95463aec3666f5f766aed360de86b56110d18f","builder_fee":9.703436999999985,"total_volume":97035.48634999973,"count":193},{"user":"0x57fc5d089f5aecf327b40472bcf52f52cf31928a","builder_fee":434.22957999999954,"total_volume":4342299.6609800095,"count":848},{"user":"0x7e8bf08ed074eb98033594c19f3bf13aff05502c","builder_fee":2754.959490999995,"total_volume":27549597.72797997,"count":780}],"summary":true}
