{"revenue":1151.4525240000025,"volume":11514526.501737995,"count":268,"uniqueUsers":3,"userAggregations":[{"user":"0x57fc5d089f5aecf327b40472bcf52f52cf31928a","builder_fee":54.85546500000007,"total_volume":548555.5422880002,"count":174},{"user":"0x7e8bf08ed074eb98033594c19f3bf13aff05502c","builder_fee":1080.359986,"total_volume":10803599.999999998,"count":42},{"user":"0x1c95463aec3666f5f766aed360de86b56110d18f","builder_fee":16.237073000000002,"total_volume":162370.95945000008,"count":52}],"summary":true}