{"revenue":0.558096,"volume":5581.004929999999,"count":8,"uniqueUsers":1,"userAggregations":[{"user":"0x57fc5d089f5aecf327b40472bcf52f52cf31928a","builder_fee":0.558096,"total_volume":5581.004929999999,"count":8}],"summary":true}
