{"revenue":21872.478443069806,"volume":219173462.2821569,"count":12220,"uniqueUsers":4,"userAggregations":[{"user":"0x57fc5d089f5aecf327b40472bcf52f52cf31928a","builder_fee":725.874928000002,"total_volume":7258758.951135006,"count":2143},{"user":"0x8af700ba841f30e0a3fcb0ee4c4a9d223e1efa05","builder_fee":2769.236732069993,"total_volume":28141003.983951025,"count":2722},{"user":"0x1c95463aec3666f5f766aed360de86b56110d18f","builder_fee":3446.501106000001,"total_volume":34465023.34166007,"count":2784},{"user":"0x7e8bf08ed074eb98033594c19f3bf13aff05502c","builder_fee":14930.865677000053,"total_volume":149308676.00540945,"count":4571}],"summary":true}