{"revenue":1588.8039394999992,"volume":15916090.242179014,"count":2563,"uniqueUsers":4,"userAggregations":[{"user":"0x1c95463aec3666f5f766aed360de86b56110d18f","builder_fee":12.983249000000006,"total_volume":129833.16983000001,"count":128},{"user":"0x8af700ba841f30e0a3fcb0ee4c4a9d223e1efa05","builder_fee":378.26039449999973,"total_volume":3810649.741442996,"count":1412},{"user":"0x57fc5d089f5aecf327b40472bcf52f52cf31928a","builder_fee":433.2858750000002,"total_volume":4332862.148295997,"count":791},{"user":"0x7e8bf08ed074eb98033594c19f3bf13aff05502c","builder_fee":764.274421,"total_volume":7642745.18261,"count":232}],"summary":true}
