{"revenue":10901.801357000175,"volume":109018034.42834346,"count":4361,"uniqueUsers":3,"userAggregations":[{"user":"0x8af700ba841f30e0a3fcb0ee4c4a9d223e1efa05","builder_fee":502.2780510000002,"total_volume":5022781.337599998,"count":253},{"user":"0x57fc5d089f5aecf327b40472bcf52f52cf31928a","builder_fee":434.3180110000001,"total_volume":4343183.177663003,"count":737},{"user":"0x7e8bf08ed074eb98033594c19f3bf13aff05502c","builder_fee":9965.205295000138,"total_volume":99652069.91308007,"count":3371}],"summary":true}