{"revenue":2.6600710000000003,"volume":13300.36305,"count":2,"uniqueUsers":1,"userAggregations":[{"user":"0x973162c7c96d8141b658e6effb5f610e92d322d7","builder_fee":2.6600710000000003,"total_volume":13300.36305,"count":2}],"summary":true}
