{"revenue":0.009146,"volume":60.98120000000001,"count":3,"uniqueUsers":2,"userAggregations":[{"user":"0x4170d6d9c20de5de91e2248e7c0d07bd74ed5049","builder_fee":0.004637,"total_volume":30.916200000000003,"count":1},{"user":"0x43c9c4ab8b83d68fe22b66748077929dcc4d01e4","builder_fee":0.004509,"total_volume":30.065000000000005,"count":2}],"summary":true}
