{"revenue":2.343823,"volume":15625.4955,"count":4,"uniqueUsers":2,"userAggregations":[{"user":"0x4170d6d9c20de5de91e2248e7c0d07bd74ed5049","builder_fee":0.007375,"total_volume":49.17216,"count":2},{"user":"0x17df450a186ad1bad12d547d8d9aba1d7db65a96","builder_fee":2.336448,"total_volume":15576.323340000003,"count":2}],"summary":true}