{"revenue":5.630617000000001,"volume":37537.484540000005,"count":11,"uniqueUsers":1,"userAggregations":[{"user":"0x9ccc175b2f198c566809c87fd4585c6d6e2b1018","builder_fee":5.630617000000001,"total_volume":37537.484540000005,"count":11}],"summary":true}