{"revenue":0.10829200000000001,"volume":721.970904,"count":12,"uniqueUsers":3,"userAggregations":[{"user":"0x43c9c4ab8b83d68fe22b66748077929dcc4d01e4","builder_fee":0.011990999999999998,"total_volume":79.9466,"count":5},{"user":"0x4170d6d9c20de5de91e2248e7c0d07bd74ed5049","builder_fee":0.004469,"total_volume":29.794880000000003,"count":1},{"user":"0xfbbbe7742e0f2926155af061bd8e392f32c5c1dd","builder_fee":0.091832,"total_volume":612.229424,"count":6}],"summary":true}