{"revenue":0.002219,"volume":14.7966,"count":1,"uniqueUsers":1,"userAggregations":[{"user":"0x43f0c47e58718dd2222b931d7fb3a68d9e4cedec","builder_fee":0.002219,"total_volume":14.7966,"count":1}],"summary":true}