{"revenue":0.24096399999999998,"volume":240.96986199999998,"count":10,"uniqueUsers":1,"userAggregations":[{"user":"0xb90e578230b89218871b36120e408588bb88008c","builder_fee":0.24096399999999998,"total_volume":240.96986199999998,"count":10}],"summary":true}
