{"revenue":10.736545999999999,"volume":10736.564769999999,"count":39,"uniqueUsers":2,"userAggregations":[{"user":"0x6c30901756d8a6d0506f5ccbe7ec75f40b8ae7ed","builder_fee":0.313654,"total_volume":313.66502,"count":23},{"user":"0xb90e578230b89218871b36120e408588bb88008c","builder_fee":10.422892,"total_volume":10422.899749999999,"count":16}],"summary":true}