{"revenue":2.414755,"volume":2414.757618,"count":5,"uniqueUsers":1,"userAggregations":[{"user":"0x45626990c9794a3868078ca3e8ba4607eac72661","builder_fee":2.414755,"total_volume":2414.757618,"count":5}],"summary":true}
