{"revenue":1.030218,"volume":1030.232919,"count":29,"uniqueUsers":4,"userAggregations":[{"user":"0xb90e578230b89218871b36120e408588bb88008c","builder_fee":0.30388999999999994,"total_volume":303.901312,"count":22},{"user":"0x45626990c9794a3868078ca3e8ba4607eac72661","builder_fee":0.23796099999999998,"total_volume":237.96199,"count":3},{"user":"0x723ecd3a4c03349dafec23ad87d59b2b340b1434","builder_fee":0.209199,"total_volume":209.20071699999997,"count":2},{"user":"0x3f1d67389e9dd302c84da2cb4beef7145e53ba43","builder_fee":0.27916799999999997,"total_volume":279.16889999999995,"count":2}],"summary":true}