{"revenue":0.7092830000000001,"volume":709.2924300000001,"count":22,"uniqueUsers":1,"userAggregations":[{"user":"0xa4c33cc52a0278a811593df825bfb50adf1415d5","builder_fee":0.7092830000000001,"total_volume":709.2924300000001,"count":22}],"summary":true}