{"revenue":11.488818,"volume":11488.848440000003,"count":66,"uniqueUsers":4,"userAggregations":[{"user":"0x45626990c9794a3868078ca3e8ba4607eac72661","builder_fee":4.250998000000002,"total_volume":4251.003629999999,"count":11},{"user":"0x723ecd3a4c03349dafec23ad87d59b2b340b1434","builder_fee":0.07493599999999999,"total_volume":74.93643,"count":4},{"user":"0x3f1d67389e9dd302c84da2cb4beef7145e53ba43","builder_fee":6.0088240000000015,"total_volume":6008.83264,"count":17},{"user":"0xd7a1d3ff0ad7294acaae7832f96490fa6448beb0","builder_fee":1.15406,"total_volume":1154.0757399999998,"count":34}],"summary":true}