{"revenue":9.068484,"volume":9068.4974,"count":30,"uniqueUsers":3,"userAggregations":[{"user":"0x15b5d76cf9c84ab2a581e5bfe1c1604f2845d92f","builder_fee":6.279333,"total_volume":6279.33723,"count":11},{"user":"0x45626990c9794a3868078ca3e8ba4607eac72661","builder_fee":1.8532539999999997,"total_volume":1853.26008,"count":13},{"user":"0xb90e578230b89218871b36120e408588bb88008c","builder_fee":0.9358970000000001,"total_volume":935.90009,"count":6}],"summary":true}