{"revenue":6.278484999999998,"volume":6278.511659999997,"count":57,"uniqueUsers":4,"userAggregations":[{"user":"0x15b5d76cf9c84ab2a581e5bfe1c1604f2845d92f","builder_fee":1.24409,"total_volume":1244.09126,"count":4},{"user":"0x45626990c9794a3868078ca3e8ba4607eac72661","builder_fee":1.3325619999999998,"total_volume":1332.56648,"count":12},{"user":"0xb90e578230b89218871b36120e408588bb88008c","builder_fee":1.958978,"total_volume":1958.98073,"count":5},{"user":"0x26aebb86e70eeab0a82ae8bda253aaa90b0b20cb","builder_fee":1.7428549999999994,"total_volume":1742.8731900000005,"count":36}],"summary":true}