{"revenue":0.5054230000000001,"volume":505.4238600000001,"count":4,"uniqueUsers":3,"userAggregations":[{"user":"0xb90e578230b89218871b36120e408588bb88008c","builder_fee":0.454649,"total_volume":454.64910000000003,"count":1},{"user":"0x1fd8f730d707af2d49ec0eff3faeb939e7647d87","builder_fee":0.039965,"total_volume":39.96576,"count":2},{"user":"0x26aebb86e70eeab0a82ae8bda253aaa90b0b20cb","builder_fee":0.010809,"total_volume":10.809,"count":1}],"summary":true}
