{"revenue":0.42380099999999993,"volume":423.80692,"count":12,"uniqueUsers":1,"userAggregations":[{"user":"0xa4c33cc52a0278a811593df825bfb50adf1415d5","builder_fee":0.42380099999999993,"total_volume":423.80692,"count":12}],"summary":true}
