{"revenue":0.07583899999999999,"volume":75.84150000000001,"count":5,"uniqueUsers":2,"userAggregations":[{"user":"0xb90e578230b89218871b36120e408588bb88008c","builder_fee":0.043329,"total_volume":43.330799999999996,"count":4},{"user":"0x15b5d76cf9c84ab2a581e5bfe1c1604f2845d92f","builder_fee":0.03251,"total_volume":32.5107,"count":1}],"summary":true}
