{"revenue":0.800007,"volume":800.01077,"count":6,"uniqueUsers":2,"userAggregations":[{"user":"0x45626990c9794a3868078ca3e8ba4607eac72661","builder_fee":0.771647,"total_volume":771.64969,"count":4},{"user":"0x723ecd3a4c03349dafec23ad87d59b2b340b1434","builder_fee":0.02836,"total_volume":28.36108,"count":2}],"summary":true}