{"revenue":2.9477590000000005,"volume":2947.78348,"count":57,"uniqueUsers":4,"userAggregations":[{"user":"0x3f1d67389e9dd302c84da2cb4beef7145e53ba43","builder_fee":0.408939,"total_volume":408.94001000000003,"count":3},{"user":"0x45626990c9794a3868078ca3e8ba4607eac72661","builder_fee":1.8576240000000002,"total_volume":1857.6352,"count":28},{"user":"0xd7a1d3ff0ad7294acaae7832f96490fa6448beb0","builder_fee":0.34289200000000003,"total_volume":342.89839000000006,"count":16},{"user":"0xb90e578230b89218871b36120e408588bb88008c","builder_fee":0.33830400000000005,"total_volume":338.30988,"count":10}],"summary":true}