{"revenue":0.08074300000000001,"volume":80.744766,"count":5,"uniqueUsers":2,"userAggregations":[{"user":"0x45626990c9794a3868078ca3e8ba4607eac72661","builder_fee":0.037352,"total_volume":37.352866,"count":1},{"user":"0xa4c33cc52a0278a811593df825bfb50adf1415d5","builder_fee":0.043391,"total_volume":43.3919,"count":4}],"summary":true}