{"revenue":0.7200439999999999,"volume":720.0556999999999,"count":28,"uniqueUsers":2,"userAggregations":[{"user":"0x45626990c9794a3868078ca3e8ba4607eac72661","builder_fee":0.443139,"total_volume":443.14636999999993,"count":18},{"user":"0xa4c33cc52a0278a811593df825bfb50adf1415d5","builder_fee":0.27690500000000007,"total_volume":276.90933,"count":10}],"summary":true}
