{"revenue":0.136762,"volume":155.63916,"count":9,"uniqueUsers":1,"userAggregations":[{"user":"0xa4c33cc52a0278a811593df825bfb50adf1415d5","builder_fee":0.136762,"total_volume":155.63916,"count":9}],"summary":true}
