{"revenue":23.051471,"volume":4539.60180289,"count":41,"uniqueUsers":2,"userAggregations":[{"user":"0x1b72ce8dcdfb5eb69fa952ba6e1da723952e54c3","builder_fee":0.6367389999999999,"total_volume":94.680268,"count":9},{"user":"0x8c4066d817b7994ca8ada05ef8ed1c7c45bb4921","builder_fee":22.414732,"total_volume":4444.92153489,"count":32}],"summary":true}
