{"revenue":10.637547,"volume":2192.4787819199996,"count":64,"uniqueUsers":1,"userAggregations":[{"user":"0x1b72ce8dcdfb5eb69fa952ba6e1da723952e54c3","builder_fee":10.637547,"total_volume":2192.4787819199996,"count":64}],"summary":true}