{"revenue":0.745213,"volume":395.50502388,"count":10,"uniqueUsers":4,"userAggregations":[{"user":"0xf4e6995b1ec3e375ff53855ba3921b67c1340434","builder_fee":0,"total_volume":15.085980000000001,"count":1},{"user":"0x8c4066d817b7994ca8ada05ef8ed1c7c45bb4921","builder_fee":0.591377,"total_volume":82.88838288000001,"count":4},{"user":"0x1b30a5d345abf5e821f354d08edb8ce0926cc244","builder_fee":0,"total_volume":266.62041000000005,"count":3},{"user":"0x8ac80fb7a6ba155e08db4646300163ce7d9aab45","builder_fee":0.153836,"total_volume":30.910250999999995,"count":2}],"summary":true}