{"revenue":22.642518000000003,"volume":4766.8467771,"count":105,"uniqueUsers":3,"userAggregations":[{"user":"0x1b72ce8dcdfb5eb69fa952ba6e1da723952e54c3","builder_fee":0.187202,"total_volume":88.92258888,"count":5},{"user":"0x9d376d82d920a2e4a497de764e68167ff6c0a3b2","builder_fee":0.547698,"total_volume":147.04678711000003,"count":6},{"user":"0x8c4066d817b7994ca8ada05ef8ed1c7c45bb4921","builder_fee":21.907618,"total_volume":4530.8774011099995,"count":94}],"summary":true}
