{"revenue":0,"volume":75.10336000000001,"count":5,"uniqueUsers":1,"userAggregations":[{"user":"0x1b30a5d345abf5e821f354d08edb8ce0926cc244","builder_fee":0,"total_volume":75.10336000000001,"count":5}],"summary":true}