{"revenue":2.471734,"volume":442.1416983899999,"count":21,"uniqueUsers":1,"userAggregations":[{"user":"0x1b72ce8dcdfb5eb69fa952ba6e1da723952e54c3","builder_fee":2.471734,"total_volume":442.1416983899999,"count":21}],"summary":true}
