{"revenue":0.47967000000000004,"volume":273.55007442,"count":11,"uniqueUsers":2,"userAggregations":[{"user":"0x1b72ce8dcdfb5eb69fa952ba6e1da723952e54c3","builder_fee":0.217872,"total_volume":160.5716094,"count":5},{"user":"0x9d376d82d920a2e4a497de764e68167ff6c0a3b2","builder_fee":0.261798,"total_volume":112.97846501999999,"count":6}],"summary":true}
