{"revenue":4.065011,"volume":406.50127901999997,"count":6,"uniqueUsers":1,"userAggregations":[{"user":"0x7e87edd033f0b1a2f0879e8337be7618911d2838","builder_fee":4.065011,"total_volume":406.50127901999997,"count":6}],"summary":true}