{"revenue":0,"volume":36.62326,"count":2,"uniqueUsers":2,"userAggregations":[{"user":"0xc1fff1ec2729ec0014eeb7425f26fa9b141faafc","builder_fee":0,"total_volume":24.41436,"count":1},{"user":"0x57830f71b7b62929b8fc9cc581efcd7f701a9fd4","builder_fee":0,"total_volume":12.208900000000002,"count":1}],"summary":true}
