{"revenue":12.464607999999998,"volume":12464.614210000002,"count":11,"uniqueUsers":2,"userAggregations":[{"user":"0xf298167329435bea6c471f3607e5a44970506f2f","builder_fee":1.996677,"total_volume":1996.67978,"count":4},{"user":"0x7a29285a6f10976578ee9e15d2758dca191eb192","builder_fee":10.467931,"total_volume":10467.93443,"count":7}],"summary":true}