{"revenue":6.69979,"volume":1223.0990809999998,"count":11,"uniqueUsers":1,"userAggregations":[{"user":"0x1b72ce8dcdfb5eb69fa952ba6e1da723952e54c3","builder_fee":6.69979,"total_volume":1223.0990809999998,"count":11}],"summary":true}
