{"revenue":2.6265350000000005,"volume":535.65353395,"count":8,"uniqueUsers":2,"userAggregations":[{"user":"0x30440aafb1166f3820ea61577ee95d5b907243e1","builder_fee":0.132162,"total_volume":13.21628395,"count":1},{"user":"0x8c4066d817b7994ca8ada05ef8ed1c7c45bb4921","builder_fee":2.4943730000000004,"total_volume":522.4372500000001,"count":7}],"summary":true}
