{"revenue":0,"volume":303.463506,"count":5,"uniqueUsers":3,"userAggregations":[{"user":"0x67d86a354ed30a5b8a6d42edb8f1587528ba8912","builder_fee":0,"total_volume":143.12997,"count":3},{"user":"0x1b30a5d345abf5e821f354d08edb8ce0926cc244","builder_fee":0,"total_volume":148.32028,"count":1},{"user":"0x8c4066d817b7994ca8ada05ef8ed1c7c45bb4921","builder_fee":0,"total_volume":12.013256,"count":1}],"summary":true}