{"revenue":14.781728000000003,"volume":2990.9586135400004,"count":47,"uniqueUsers":3,"userAggregations":[{"user":"0x8c4066d817b7994ca8ada05ef8ed1c7c45bb4921","builder_fee":8.760823,"total_volume":1736.4798600000001,"count":21},{"user":"0x1b72ce8dcdfb5eb69fa952ba6e1da723952e54c3","builder_fee":3.6159700000000004,"total_volume":798.8502239999999,"count":9},{"user":"0x9d376d82d920a2e4a497de764e68167ff6c0a3b2","builder_fee":2.404935,"total_volume":455.62852953999993,"count":17}],"summary":true}