{"revenue":0,"volume":402.266979,"count":2,"uniqueUsers":1,"userAggregations":[{"user":"0x7e87edd033f0b1a2f0879e8337be7618911d2838","builder_fee":0,"total_volume":402.266979,"count":2}],"summary":true}