{"revenue":0,"volume":179.1289542,"count":4,"uniqueUsers":3,"userAggregations":[{"user":"0x7a29285a6f10976578ee9e15d2758dca191eb192","builder_fee":0,"total_volume":75.25442819999999,"count":2},{"user":"0xe7baa302fbff58463d5f82548556d9e4c97c4946","builder_fee":0,"total_volume":53.821110000000004,"count":1},{"user":"0x2c2d66152bafeb72078d1e8c41d1b919e2f605c0","builder_fee":0,"total_volume":50.053416,"count":1}],"summary":true}
