{"revenue":24.646940000000008,"volume":4882.816902550001,"count":187,"uniqueUsers":1,"userAggregations":[{"user":"0x1b72ce8dcdfb5eb69fa952ba6e1da723952e54c3","builder_fee":24.646940000000008,"total_volume":4882.816902550001,"count":187}],"summary":true}