{"revenue":0,"volume":1039.67726,"count":5,"uniqueUsers":2,"userAggregations":[{"user":"0x7a29285a6f10976578ee9e15d2758dca191eb192","builder_fee":0,"total_volume":990.2171500000001,"count":3},{"user":"0xc1fff1ec2729ec0014eeb7425f26fa9b141faafc","builder_fee":0,"total_volume":49.46011,"count":2}],"summary":true}
