{"revenue":0.629342,"volume":403.86653699999994,"count":9,"uniqueUsers":2,"userAggregations":[{"user":"0x30440aafb1166f3820ea61577ee95d5b907243e1","builder_fee":0,"total_volume":168.82031,"count":5},{"user":"0x7a29285a6f10976578ee9e15d2758dca191eb192","builder_fee":0.629342,"total_volume":235.046227,"count":4}],"summary":true}