{"revenue":0.150904,"volume":170.16752736,"count":8,"uniqueUsers":3,"userAggregations":[{"user":"0xc6697b79af2530c55f73d3110b70023af8f0bddb","builder_fee":0.150904,"total_volume":45.086887360000006,"count":3},{"user":"0x1b30a5d345abf5e821f354d08edb8ce0926cc244","builder_fee":0,"total_volume":76.63382999999999,"count":3},{"user":"0x5165f2443bf21c172e89a6a42dffefd0711ef924","builder_fee":0,"total_volume":48.44681,"count":2}],"summary":true}