{"revenue":3.5196949999999996,"volume":857.83665168,"count":21,"uniqueUsers":3,"userAggregations":[{"user":"0x9d376d82d920a2e4a497de764e68167ff6c0a3b2","builder_fee":0.148914,"total_volume":44.77380599999999,"count":3},{"user":"0x8c4066d817b7994ca8ada05ef8ed1c7c45bb4921","builder_fee":3.370781,"total_volume":791.32407445,"count":16},{"user":"0x1b72ce8dcdfb5eb69fa952ba6e1da723952e54c3","builder_fee":0,"total_volume":21.738771229999998,"count":2}],"summary":true}