{"revenue":2.093707,"volume":425.85147292000005,"count":7,"uniqueUsers":1,"userAggregations":[{"user":"0x1b72ce8dcdfb5eb69fa952ba6e1da723952e54c3","builder_fee":2.093707,"total_volume":425.85147292000005,"count":7}],"summary":true}
