{"revenue":9.049135000000001,"volume":1927.38500608,"count":62,"uniqueUsers":1,"userAggregations":[{"user":"0x1b72ce8dcdfb5eb69fa952ba6e1da723952e54c3","builder_fee":9.049135000000001,"total_volume":1927.38500608,"count":62}],"summary":true}