{"revenue":13.270835,"volume":8452.550645000001,"count":14,"uniqueUsers":4,"userAggregations":[{"user":"0xf298167329435bea6c471f3607e5a44970506f2f","builder_fee":3.8142640000000005,"total_volume":3814.2675799999997,"count":7},{"user":"0xe7baa302fbff58463d5f82548556d9e4c97c4946","builder_fee":1.422746,"total_volume":1422.74845,"count":3},{"user":"0x7e87edd033f0b1a2f0879e8337be7618911d2838","builder_fee":8.033825,"total_volume":3195.237615,"count":3},{"user":"0x7a29285a6f10976578ee9e15d2758dca191eb192","builder_fee":0,"total_volume":20.297,"count":1}],"summary":true}