{"revenue":0,"volume":49.72771000000001,"count":3,"uniqueUsers":2,"userAggregations":[{"user":"0x8c4066d817b7994ca8ada05ef8ed1c7c45bb4921","builder_fee":0,"total_volume":26.042,"count":1},{"user":"0xd7e86d47220fd8cbc273ee49b5579ed567ada411","builder_fee":0,"total_volume":23.68571,"count":2}],"summary":true}
