{"revenue":0,"volume":165.27917000000002,"count":4,"uniqueUsers":4,"userAggregations":[{"user":"0xf298167329435bea6c471f3607e5a44970506f2f","builder_fee":0,"total_volume":10.752419999999999,"count":1},{"user":"0x30440aafb1166f3820ea61577ee95d5b907243e1","builder_fee":0,"total_volume":68.3698,"count":1},{"user":"0x9d376d82d920a2e4a497de764e68167ff6c0a3b2","builder_fee":0,"total_volume":31.57205,"count":1},{"user":"0x8ac80fb7a6ba155e08db4646300163ce7d9aab45","builder_fee":0,"total_volume":54.584900000000005,"count":1}],"summary":true}