{"revenue":0,"volume":132.506706,"count":5,"uniqueUsers":2,"userAggregations":[{"user":"0x1b72ce8dcdfb5eb69fa952ba6e1da723952e54c3","builder_fee":0,"total_volume":117.499725,"count":4},{"user":"0x8c4066d817b7994ca8ada05ef8ed1c7c45bb4921","builder_fee":0,"total_volume":15.006981000000001,"count":1}],"summary":true}