{"revenue":12.214104999999998,"volume":2452.4617119800005,"count":79,"uniqueUsers":4,"userAggregations":[{"user":"0x8c4066d817b7994ca8ada05ef8ed1c7c45bb4921","builder_fee":4.924765,"total_volume":998.1213599999999,"count":45},{"user":"0x30440aafb1166f3820ea61577ee95d5b907243e1","builder_fee":0.954323,"total_volume":189.70439000000002,"count":7},{"user":"0xd2130efbc1997da0e0314b572dd624f24742df8f","builder_fee":1.025858,"total_volume":207.58178442000002,"count":13},{"user":"0x9d376d82d920a2e4a497de764e68167ff6c0a3b2","builder_fee":5.309159,"total_volume":1057.05417756,"count":14}],"summary":true}
