{"revenue":0.233211,"volume":1222.9791349500003,"count":29,"uniqueUsers":4,"userAggregations":[{"user":"0x8c4066d817b7994ca8ada05ef8ed1c7c45bb4921","builder_fee":0.233211,"total_volume":691.73620195,"count":14},{"user":"0x67d86a354ed30a5b8a6d42edb8f1587528ba8912","builder_fee":0,"total_volume":158.40233999999998,"count":4},{"user":"0x30440aafb1166f3820ea61577ee95d5b907243e1","builder_fee":0,"total_volume":347.68994999999995,"count":10},{"user":"0x6ffb255afa6f8f620adf6710eb73e14eed66b1e1","builder_fee":0,"total_volume":25.150643000000002,"count":1}],"summary":true}
