{"revenue":0,"volume":294.31329166,"count":3,"uniqueUsers":2,"userAggregations":[{"user":"0x2ed3aef513a0804e56852041be463ba5854fb3a2","builder_fee":0,"total_volume":49.9833,"count":1},{"user":"0x7e87edd033f0b1a2f0879e8337be7618911d2838","builder_fee":0,"total_volume":244.32999166000002,"count":2}],"summary":true}
