{"revenue":28.480594000000004,"volume":28500.96125,"count":22,"uniqueUsers":3,"userAggregations":[{"user":"0x7a29285a6f10976578ee9e15d2758dca191eb192","builder_fee":4.17405,"total_volume":4194.41462,"count":16},{"user":"0x8958bb7a691c13e2a58d6d7b2db7c56e2be45c0b","builder_fee":24.0994,"total_volume":24099.401830000003,"count":5},{"user":"0x6de4f595aa192a78e9427c98ec5ddde48488c7c6","builder_fee":0.207144,"total_volume":207.14479999999998,"count":1}],"summary":true}