{"revenue":0,"volume":14.602860000000002,"count":1,"uniqueUsers":1,"userAggregations":[{"user":"0x518992d7ad69a6280f3877422a3e84e956bfa968","builder_fee":0,"total_volume":14.602860000000002,"count":1}],"summary":true}