{"revenue":0,"volume":711.5910799999999,"count":5,"uniqueUsers":3,"userAggregations":[{"user":"0x99ab241a54348c75bc8153463fa5942caecd97ec","builder_fee":0,"total_volume":11.30314,"count":1},{"user":"0x2c2d66152bafeb72078d1e8c41d1b919e2f605c0","builder_fee":0,"total_volume":100.49341999999999,"count":2},{"user":"0x7a29285a6f10976578ee9e15d2758dca191eb192","builder_fee":0,"total_volume":599.7945199999999,"count":2}],"summary":true}
