{"revenue":0.957488,"volume":148.753891,"count":6,"uniqueUsers":3,"userAggregations":[{"user":"0x4ea412c921a0f81e7bfbb46bcdafba4b38c09ebb","builder_fee":0,"total_volume":25.624417,"count":2},{"user":"0x99ab241a54348c75bc8153463fa5942caecd97ec","builder_fee":0,"total_volume":27.38063,"count":2},{"user":"0x1b72ce8dcdfb5eb69fa952ba6e1da723952e54c3","builder_fee":0.957488,"total_volume":95.748844,"count":2}],"summary":true}
