{"revenue":0,"volume":206.26508,"count":3,"uniqueUsers":3,"userAggregations":[{"user":"0x1b30a5d345abf5e821f354d08edb8ce0926cc244","builder_fee":0,"total_volume":147.86681,"count":1},{"user":"0x07009697b353018cbb3a36f98daaba8faa2eb6c4","builder_fee":0,"total_volume":47.348,"count":1},{"user":"0x30440aafb1166f3820ea61577ee95d5b907243e1","builder_fee":0,"total_volume":11.050270000000001,"count":1}],"summary":true}
