{"revenue":0.148314,"volume":29.489371,"count":2,"uniqueUsers":1,"userAggregations":[{"user":"0xc6697b79af2530c55f73d3110b70023af8f0bddb","builder_fee":0.148314,"total_volume":29.489371,"count":2}],"summary":true}
