{"revenue":10.773902,"volume":2100.5801827199994,"count":80,"uniqueUsers":1,"userAggregations":[{"user":"0x1b72ce8dcdfb5eb69fa952ba6e1da723952e54c3","builder_fee":10.773902,"total_volume":2100.5801827199994,"count":80}],"summary":true}