{"revenue":65.739631,"volume":65824.39814359999,"count":37,"uniqueUsers":4,"userAggregations":[{"user":"0x7a29285a6f10976578ee9e15d2758dca191eb192","builder_fee":64.675992,"total_volume":64745.4840236,"count":31},{"user":"0x23f7538c89b200afe8176c8762e9d022492ec1b6","builder_fee":0.020034,"total_volume":35.30722,"count":3},{"user":"0x1b72ce8dcdfb5eb69fa952ba6e1da723952e54c3","builder_fee":0.042906,"total_volume":42.90768,"count":2},{"user":"0xe7baa302fbff58463d5f82548556d9e4c97c4946","builder_fee":1.000699,"total_volume":1000.6992200000001,"count":1}],"summary":true}