{"revenue":71.77788700000002,"volume":70618.96883776003,"count":45,"uniqueUsers":4,"userAggregations":[{"user":"0x7a29285a6f10976578ee9e15d2758dca191eb192","builder_fee":43.882862,"total_volume":42691.28816666,"count":29},{"user":"0x8958bb7a691c13e2a58d6d7b2db7c56e2be45c0b","builder_fee":27.854999,"total_volume":27855.00539,"count":12},{"user":"0xaf5e9635caf174479adf863026a9399a37465ff0","builder_fee":0.040026,"total_volume":40.02608,"count":1},{"user":"0x4b6949579b4d1f77ce26e0a6ae0c85f60b7070ef","builder_fee":0,"total_volume":32.6492011,"count":3}],"summary":true}
