{"revenue":37.428594000000004,"volume":36885.41029058001,"count":53,"uniqueUsers":3,"userAggregations":[{"user":"0x5165f2443bf21c172e89a6a42dffefd0711ef924","builder_fee":24.899096999999998,"total_volume":24899.0993,"count":9},{"user":"0x7a29285a6f10976578ee9e15d2758dca191eb192","builder_fee":12.221597,"total_volume":11933.23780989,"count":42},{"user":"0x1b72ce8dcdfb5eb69fa952ba6e1da723952e54c3","builder_fee":0.3079,"total_volume":53.07318069,"count":2}],"summary":true}