{"revenue":24.651118999999998,"volume":24501.06009437,"count":27,"uniqueUsers":3,"userAggregations":[{"user":"0x1b72ce8dcdfb5eb69fa952ba6e1da723952e54c3","builder_fee":0.299026,"total_volume":110.05961800000001,"count":7},{"user":"0x7a29285a6f10976578ee9e15d2758dca191eb192","builder_fee":24.252136,"total_volume":24276.735088,"count":16},{"user":"0x8ac80fb7a6ba155e08db4646300163ce7d9aab45","builder_fee":0.099957,"total_volume":114.26538837,"count":4}],"summary":true}