{"revenue":0.242946,"volume":112.553774,"count":9,"uniqueUsers":2,"userAggregations":[{"user":"0xc1fff1ec2729ec0014eeb7425f26fa9b141faafc","builder_fee":0.242946,"total_volume":73.64789400000001,"count":6},{"user":"0x271f7651dc512db23d5dcac46c6ab4fe99bd02c4","builder_fee":0,"total_volume":38.905879999999996,"count":3}],"summary":true}
