{"revenue":34.396958000000005,"volume":34299.9378951,"count":9,"uniqueUsers":4,"userAggregations":[{"user":"0xe7baa302fbff58463d5f82548556d9e4c97c4946","builder_fee":4.045859,"total_volume":4045.86024,"count":2},{"user":"0x23f7538c89b200afe8176c8762e9d022492ec1b6","builder_fee":0.093411,"total_volume":93.411255,"count":2},{"user":"0x7a29285a6f10976578ee9e15d2758dca191eb192","builder_fee":30.136573000000002,"total_volume":30136.57472,"count":3},{"user":"0x4b6949579b4d1f77ce26e0a6ae0c85f60b7070ef","builder_fee":0.121115,"total_volume":24.0916801,"count":2}],"summary":true}