{"revenue":4.913907999999999,"volume":898.8725182999998,"count":28,"uniqueUsers":4,"userAggregations":[{"user":"0x8c4066d817b7994ca8ada05ef8ed1c7c45bb4921","builder_fee":4.005654,"total_volume":712.1003836199998,"count":18},{"user":"0x68580f7db370c1e585766607f3107aef8e24b951","builder_fee":0.140989,"total_volume":43.00421,"count":3},{"user":"0x9d376d82d920a2e4a497de764e68167ff6c0a3b2","builder_fee":0.767265,"total_volume":132.75942068,"count":6},{"user":"0x21e3924d8ef509f20d96b567fbecefbce4668132","builder_fee":0,"total_volume":11.008503999999999,"count":1}],"summary":true}