{"revenue":0.118718,"volume":11.87184504,"count":1,"uniqueUsers":1,"userAggregations":[{"user":"0x9d376d82d920a2e4a497de764e68167ff6c0a3b2","builder_fee":0.118718,"total_volume":11.87184504,"count":1}],"summary":true}
