{"revenue":0.439241,"volume":845.69742,"count":14,"uniqueUsers":2,"userAggregations":[{"user":"0x762a4b0179f7872c94d69aab0e02702f1db3418c","builder_fee":0.247013,"total_volume":494.02712,"count":2},{"user":"0xa5a1c5182f5f6719ef8ba77cc45f8bab8717097b","builder_fee":0.192228,"total_volume":351.67030000000005,"count":12}],"summary":true}