{"revenue":0.41256400000000004,"volume":750.1202800000001,"count":3,"uniqueUsers":2,"userAggregations":[{"user":"0xa5a1c5182f5f6719ef8ba77cc45f8bab8717097b","builder_fee":0.041746,"total_volume":75.9024,"count":1},{"user":"0x94372e603d77fde3f509c90186448e8529c64ff6","builder_fee":0.370818,"total_volume":674.21788,"count":2}],"summary":true}