{"revenue":0.224743,"volume":408.62763,"count":3,"uniqueUsers":1,"userAggregations":[{"user":"0x94372e603d77fde3f509c90186448e8529c64ff6","builder_fee":0.224743,"total_volume":408.62763,"count":3}],"summary":true}