{"revenue":0.47039299999999995,"volume":855.2632199999999,"count":3,"uniqueUsers":2,"userAggregations":[{"user":"0x762a4b0179f7872c94d69aab0e02702f1db3418c","builder_fee":0.388912,"total_volume":707.11452,"count":2},{"user":"0xa5a1c5182f5f6719ef8ba77cc45f8bab8717097b","builder_fee":0.081481,"total_volume":148.1487,"count":1}],"summary":true}