{"revenue":0.019938,"volume":19.93815,"count":1,"uniqueUsers":1,"userAggregations":[{"user":"0xa5a1c5182f5f6719ef8ba77cc45f8bab8717097b","builder_fee":0.019938,"total_volume":19.93815,"count":1}],"summary":true}