{"revenue":2.689907,"volume":5379.81745,"count":3,"uniqueUsers":2,"userAggregations":[{"user":"0x7563a2fcb6b7c6ceb6291d3ed2d12951a0c69a6b","builder_fee":0.099901,"total_volume":199.80375,"count":2},{"user":"0x7409026e19498d393a07a5fbbf28a807ee52b4f3","builder_fee":2.590006,"total_volume":5180.0136999999995,"count":1}],"summary":true}