{"revenue":5.301489,"volume":10602.983190000003,"count":8,"uniqueUsers":2,"userAggregations":[{"user":"0x7409026e19498d393a07a5fbbf28a807ee52b4f3","builder_fee":4.575501,"total_volume":9151.005700000002,"count":5},{"user":"0x7563a2fcb6b7c6ceb6291d3ed2d12951a0c69a6b","builder_fee":0.725988,"total_volume":1451.97749,"count":3}],"summary":true}
