{"revenue":25.0005,"volume":50001.000720000004,"count":3,"uniqueUsers":1,"userAggregations":[{"user":"0x7409026e19498d393a07a5fbbf28a807ee52b4f3","builder_fee":25.0005,"total_volume":50001.000720000004,"count":3}],"summary":true}