{"revenue":6.249997,"volume":12499.994219999999,"count":1,"uniqueUsers":1,"userAggregations":[{"user":"0x7409026e19498d393a07a5fbbf28a807ee52b4f3","builder_fee":6.249997,"total_volume":12499.994219999999,"count":1}],"summary":true}