{"revenue":2.2359620000000002,"volume":4471.92623,"count":4,"uniqueUsers":1,"userAggregations":[{"user":"0x7409026e19498d393a07a5fbbf28a807ee52b4f3","builder_fee":2.2359620000000002,"total_volume":4471.92623,"count":4}],"summary":true}