{"revenue":211.86841499999997,"volume":423736.8917179999,"count":68,"uniqueUsers":1,"userAggregations":[{"user":"0x7409026e19498d393a07a5fbbf28a807ee52b4f3","builder_fee":211.86841499999997,"total_volume":423736.8917179999,"count":68}],"summary":true}