{"revenue":0,"volume":47981.54148,"count":9,"uniqueUsers":1,"userAggregations":[{"user":"0x7409026e19498d393a07a5fbbf28a807ee52b4f3","builder_fee":0,"total_volume":47981.54148,"count":9}],"summary":true}