{"revenue":20.777070000000002,"volume":207771.13956,"count":105,"uniqueUsers":4,"userAggregations":[{"user":"0x718a9b47d8991347a818ab19b0f87012a0e84eea","builder_fee":20.359498000000006,"total_volume":203595.39556,"count":98},{"user":"0x6d91f1ae9935db7ae6e7847f7dbe5ba8b880bf61","builder_fee":0.07253799999999999,"total_volume":725.38655,"count":2},{"user":"0x4b55c460c5cb48a5ee809b9fbcbcab8861496f79","builder_fee":0.054804000000000005,"total_volume":548.05245,"count":4},{"user":"0x780cdc34d981e4e2beed15d9894d8dbbc3467537","builder_fee":0.29023,"total_volume":2902.305,"count":1}],"summary":true}