{"revenue":1.029355,"volume":10293.677855999998,"count":24,"uniqueUsers":4,"userAggregations":[{"user":"0x3f92bbeff4ef181cea4d953e5515c3b413cbaaf2","builder_fee":0.278883,"total_volume":2788.8738780000003,"count":8},{"user":"0x4b55c460c5cb48a5ee809b9fbcbcab8861496f79","builder_fee":0.297637,"total_volume":2976.412688000001,"count":7},{"user":"0x5da8201f4a4e470bcae5ff4e88f096aa2497bddc","builder_fee":0.424592,"total_volume":4245.95529,"count":8},{"user":"0x780cdc34d981e4e2beed15d9894d8dbbc3467537","builder_fee":0.028243,"total_volume":282.436,"count":1}],"summary":true}
