{"revenue":0.45556300000000005,"volume":2277.8337599999995,"count":7,"uniqueUsers":1,"userAggregations":[{"user":"0x1d4d49fbc8584a177b1f8409f4ac572ffb10702e","builder_fee":0.45556300000000005,"total_volume":2277.8337599999995,"count":7}],"summary":true}