{"revenue":8.266686,"volume":82667.35811100005,"count":100,"uniqueUsers":2,"userAggregations":[{"user":"0x718a9b47d8991347a818ab19b0f87012a0e84eea","builder_fee":7.870853,"total_volume":78709.02593100005,"count":99},{"user":"0x42d84cfa4c70e011f963950f2f305643cbba5805","builder_fee":0.395833,"total_volume":3958.33218,"count":1}],"summary":true}
