{"revenue":0.181645,"volume":908.2278,"count":1,"uniqueUsers":1,"userAggregations":[{"user":"0x2924292e05d03d71d13142d0e718eca14558ffad","builder_fee":0.181645,"total_volume":908.2278,"count":1}],"summary":true}
