{"revenue":4.265055,"volume":21325.282189999998,"count":3,"uniqueUsers":2,"userAggregations":[{"user":"0x718a9b47d8991347a818ab19b0f87012a0e84eea","builder_fee":3.7232860000000003,"total_volume":18616.43664,"count":2},{"user":"0x2924292e05d03d71d13142d0e718eca14558ffad","builder_fee":0.541769,"total_volume":2708.84555,"count":1}],"summary":true}
