{"revenue":0.009845,"volume":49.22988,"count":1,"uniqueUsers":1,"userAggregations":[{"user":"0x04284bde2f721c0c35af2a7390289fcf80207fe1","builder_fee":0.009845,"total_volume":49.22988,"count":1}],"summary":true}
