{"revenue":1.560325,"volume":7801.664918,"count":17,"uniqueUsers":4,"userAggregations":[{"user":"0x1d4d49fbc8584a177b1f8409f4ac572ffb10702e","builder_fee":0.7533050000000001,"total_volume":3766.544358,"count":7},{"user":"0x2924292e05d03d71d13142d0e718eca14558ffad","builder_fee":0.26883,"total_volume":1344.1580400000003,"count":4},{"user":"0x780cdc34d981e4e2beed15d9894d8dbbc3467537","builder_fee":0.414929,"total_volume":2074.65452,"count":5},{"user":"0x6d91f1ae9935db7ae6e7847f7dbe5ba8b880bf61","builder_fee":0.123261,"total_volume":616.3079999999999,"count":1}],"summary":true}
