{"revenue":0.4687799999999999,"volume":3777.0247979999986,"count":32,"uniqueUsers":2,"userAggregations":[{"user":"0x6d91f1ae9935db7ae6e7847f7dbe5ba8b880bf61","builder_fee":0.273683,"total_volume":2736.85742,"count":6},{"user":"0x4b55c460c5cb48a5ee809b9fbcbcab8861496f79","builder_fee":0.195097,"total_volume":1040.1673779999999,"count":26}],"summary":true}