{"revenue":0.17266399999999998,"volume":863.3400200000001,"count":8,"uniqueUsers":2,"userAggregations":[{"user":"0x44fbc7ca5981f642e3336be46786b04bb26d55d5","builder_fee":0.142994,"total_volume":714.9830000000001,"count":5},{"user":"0x04284bde2f721c0c35af2a7390289fcf80207fe1","builder_fee":0.02967,"total_volume":148.35702,"count":3}],"summary":true}
