{"revenue":1.156024,"volume":5780.12857,"count":8,"uniqueUsers":3,"userAggregations":[{"user":"0x42d84cfa4c70e011f963950f2f305643cbba5805","builder_fee":0.553512,"total_volume":2767.56034,"count":2},{"user":"0x4b55c460c5cb48a5ee809b9fbcbcab8861496f79","builder_fee":0.386851,"total_volume":1934.26323,"count":4},{"user":"0xb88667c4f7ffb36c097597a3923686373f9565dc","builder_fee":0.215661,"total_volume":1078.3049999999998,"count":2}],"summary":true}
