{"revenue":0.48713,"volume":2435.6517000000003,"count":2,"uniqueUsers":1,"userAggregations":[{"user":"0x2924292e05d03d71d13142d0e718eca14558ffad","builder_fee":0.48713,"total_volume":2435.6517000000003,"count":2}],"summary":true}
