{"revenue":1.9757580000000001,"volume":9878.848216999999,"count":23,"uniqueUsers":3,"userAggregations":[{"user":"0x4b55c460c5cb48a5ee809b9fbcbcab8861496f79","builder_fee":0.022112000000000003,"total_volume":110.579137,"count":9},{"user":"0x42d84cfa4c70e011f963950f2f305643cbba5805","builder_fee":1.396374,"total_volume":6981.890409999999,"count":7},{"user":"0x6d91f1ae9935db7ae6e7847f7dbe5ba8b880bf61","builder_fee":0.557272,"total_volume":2786.3786699999996,"count":7}],"summary":true}
