{"revenue":36.274186000000014,"volume":181371.10022000002,"count":76,"uniqueUsers":2,"userAggregations":[{"user":"0x4b55c460c5cb48a5ee809b9fbcbcab8861496f79","builder_fee":0.009474,"total_volume":47.37354,"count":2},{"user":"0x718a9b47d8991347a818ab19b0f87012a0e84eea","builder_fee":36.26471200000001,"total_volume":181323.72668000002,"count":74}],"summary":true}
