{"revenue":18.946341,"volume":94731.72391,"count":7,"uniqueUsers":3,"userAggregations":[{"user":"0x2b4488224b0226a5334cac4a6721bc955670fed7","builder_fee":0.16741299999999998,"total_volume":837.0723,"count":4},{"user":"0x780cdc34d981e4e2beed15d9894d8dbbc3467537","builder_fee":0.314076,"total_volume":1570.38496,"count":1},{"user":"0x718a9b47d8991347a818ab19b0f87012a0e84eea","builder_fee":18.464852,"total_volume":92324.26665,"count":2}],"summary":true}
