{"revenue":40.615507,"volume":203077.54892000003,"count":10,"uniqueUsers":2,"userAggregations":[{"user":"0x42d84cfa4c70e011f963950f2f305643cbba5805","builder_fee":0.393141,"total_volume":1965.7065599999999,"count":1},{"user":"0x718a9b47d8991347a818ab19b0f87012a0e84eea","builder_fee":40.222366,"total_volume":201111.84236,"count":9}],"summary":true}