{"revenue":1.630847,"volume":8154.249779999999,"count":8,"uniqueUsers":4,"userAggregations":[{"user":"0x2924292e05d03d71d13142d0e718eca14558ffad","builder_fee":0.542271,"total_volume":2711.36028,"count":2},{"user":"0x1d4d49fbc8584a177b1f8409f4ac572ffb10702e","builder_fee":0.019372,"total_volume":96.86160000000001,"count":1},{"user":"0x04284bde2f721c0c35af2a7390289fcf80207fe1","builder_fee":0.040084999999999996,"total_volume":200.43030000000002,"count":4},{"user":"0x40ce7e432ea25e7b03e318a3335a0f968ec4a8b6","builder_fee":1.029119,"total_volume":5145.5976,"count":1}],"summary":true}
