{"revenue":40.605622000000004,"volume":203028.17988999997,"count":40,"uniqueUsers":4,"userAggregations":[{"user":"0x42d84cfa4c70e011f963950f2f305643cbba5805","builder_fee":0.013523,"total_volume":67.61706,"count":2},{"user":"0x780cdc34d981e4e2beed15d9894d8dbbc3467537","builder_fee":0.590568,"total_volume":2952.84087,"count":1},{"user":"0x718a9b47d8991347a818ab19b0f87012a0e84eea","builder_fee":39.978334000000004,"total_volume":199891.73374,"count":35},{"user":"0x4b55c460c5cb48a5ee809b9fbcbcab8861496f79","builder_fee":0.023197000000000002,"total_volume":115.98822000000001,"count":2}],"summary":true}