{"revenue":0.923551,"volume":4617.78584,"count":18,"uniqueUsers":4,"userAggregations":[{"user":"0x4b55c460c5cb48a5ee809b9fbcbcab8861496f79","builder_fee":0.242787,"total_volume":1213.95869,"count":13},{"user":"0x780cdc34d981e4e2beed15d9894d8dbbc3467537","builder_fee":0.315099,"total_volume":1575.4964,"count":1},{"user":"0x1d4d49fbc8584a177b1f8409f4ac572ffb10702e","builder_fee":0.097818,"total_volume":489.09121,"count":1},{"user":"0x2b4488224b0226a5334cac4a6721bc955670fed7","builder_fee":0.267847,"total_volume":1339.23954,"count":3}],"summary":true}