{"revenue":0.9715780000000002,"volume":4857.956325000001,"count":28,"uniqueUsers":2,"userAggregations":[{"user":"0x1d4d49fbc8584a177b1f8409f4ac572ffb10702e","builder_fee":0.8870450000000001,"total_volume":4435.283916,"count":26},{"user":"0x2924292e05d03d71d13142d0e718eca14558ffad","builder_fee":0.084533,"total_volume":422.672409,"count":2}],"summary":true}
