{"revenue":5.905049999999999,"volume":29525.309970000002,"count":21,"uniqueUsers":3,"userAggregations":[{"user":"0x2924292e05d03d71d13142d0e718eca14558ffad","builder_fee":0.666716,"total_volume":3333.58724,"count":2},{"user":"0x1d4d49fbc8584a177b1f8409f4ac572ffb10702e","builder_fee":0.7992980000000001,"total_volume":3996.49778,"count":4},{"user":"0x718a9b47d8991347a818ab19b0f87012a0e84eea","builder_fee":4.439036,"total_volume":22195.22495,"count":15}],"summary":true}
