{"revenue":1.350353,"volume":6751.78261,"count":8,"uniqueUsers":4,"userAggregations":[{"user":"0x1d4d49fbc8584a177b1f8409f4ac572ffb10702e","builder_fee":0.399705,"total_volume":1998.5304299999998,"count":2},{"user":"0x04284bde2f721c0c35af2a7390289fcf80207fe1","builder_fee":0.153033,"total_volume":765.17056,"count":2},{"user":"0x4b55c460c5cb48a5ee809b9fbcbcab8861496f79","builder_fee":0.002687,"total_volume":13.4382,"count":1},{"user":"0x780cdc34d981e4e2beed15d9894d8dbbc3467537","builder_fee":0.7949280000000001,"total_volume":3974.6434200000003,"count":3}],"summary":true}
