{"revenue":0.159965,"volume":799.8290999999999,"count":1,"uniqueUsers":1,"userAggregations":[{"user":"0x8cdcf2f147ad8d129c667327bbc74f5498a57d8c","builder_fee":0.159965,"total_volume":799.8290999999999,"count":1}],"summary":true}
