{"revenue":0.433834,"volume":2169.17735,"count":3,"uniqueUsers":2,"userAggregations":[{"user":"0x1d4d49fbc8584a177b1f8409f4ac572ffb10702e","builder_fee":0.24974,"total_volume":1248.70675,"count":2},{"user":"0x2924292e05d03d71d13142d0e718eca14558ffad","builder_fee":0.184094,"total_volume":920.4706,"count":1}],"summary":true}