{"revenue":0.7706079999999998,"volume":3853.06774,"count":10,"uniqueUsers":4,"userAggregations":[{"user":"0x780cdc34d981e4e2beed15d9894d8dbbc3467537","builder_fee":0.023842,"total_volume":119.21192,"count":1},{"user":"0x4b55c460c5cb48a5ee809b9fbcbcab8861496f79","builder_fee":0.00466,"total_volume":23.307299999999998,"count":2},{"user":"0x1d4d49fbc8584a177b1f8409f4ac572ffb10702e","builder_fee":0.593296,"total_volume":2966.48769,"count":4},{"user":"0x6d91f1ae9935db7ae6e7847f7dbe5ba8b880bf61","builder_fee":0.14881,"total_volume":744.06083,"count":3}],"summary":true}