{"revenue":1.55707,"volume":7785.379571,"count":12,"uniqueUsers":3,"userAggregations":[{"user":"0x1d4d49fbc8584a177b1f8409f4ac572ffb10702e","builder_fee":0.9626290000000001,"total_volume":4813.160030999999,"count":6},{"user":"0x2b4488224b0226a5334cac4a6721bc955670fed7","builder_fee":0.335115,"total_volume":1675.58385,"count":4},{"user":"0x42d84cfa4c70e011f963950f2f305643cbba5805","builder_fee":0.259326,"total_volume":1296.63569,"count":2}],"summary":true}
