{"revenue":1.276668,"volume":2553.398373,"count":59,"uniqueUsers":4,"userAggregations":[{"user":"0x18b856a7a0c3c0c6da24016896ab600976056a62","builder_fee":0.177971,"total_volume":355.95088,"count":6},{"user":"0xfca57b62af5223b594b3e8e05c9fd06deed3df29","builder_fee":0.28782500000000005,"total_volume":575.669691,"count":22},{"user":"0xab0bf845373146569233ce22f864d624da51f72d","builder_fee":0.7811560000000001,"total_volume":1562.3435419999998,"count":29},{"user":"0xbd20cc5fc16c65a39de5a2ed5ea19f322d34367a","builder_fee":0.029716,"total_volume":59.43426,"count":2}],"summary":true}