{"revenue":2.8984349999999997,"volume":5796.980234,"count":107,"uniqueUsers":3,"userAggregations":[{"user":"0xab0bf845373146569233ce22f864d624da51f72d","builder_fee":2.7531219999999994,"total_volume":5506.342787,"count":98},{"user":"0xfca57b62af5223b594b3e8e05c9fd06deed3df29","builder_fee":0.061316999999999997,"total_volume":122.6348,"count":2},{"user":"0xbd20cc5fc16c65a39de5a2ed5ea19f322d34367a","builder_fee":0.083996,"total_volume":168.00264700000002,"count":7}],"summary":true}