{"revenue":3.412363999999998,"volume":6824.832317999999,"count":123,"uniqueUsers":3,"userAggregations":[{"user":"0x18b856a7a0c3c0c6da24016896ab600976056a62","builder_fee":0.5610860000000001,"total_volume":1122.2028099999998,"count":36},{"user":"0xab0bf845373146569233ce22f864d624da51f72d","builder_fee":0.978341,"total_volume":1956.7083799999998,"count":34},{"user":"0xfca57b62af5223b594b3e8e05c9fd06deed3df29","builder_fee":1.8729370000000003,"total_volume":3745.9211280000004,"count":53}],"summary":true}
