{"revenue":0.3116860000000001,"volume":623.39254,"count":22,"uniqueUsers":1,"userAggregations":[{"user":"0x18b856a7a0c3c0c6da24016896ab600976056a62","builder_fee":0.3116860000000001,"total_volume":623.39254,"count":22}],"summary":true}