{"revenue":1.0701139999999998,"volume":2140.311698,"count":91,"uniqueUsers":4,"userAggregations":[{"user":"0xab0bf845373146569233ce22f864d624da51f72d","builder_fee":0.418617,"total_volume":837.2629800000001,"count":33},{"user":"0x18b856a7a0c3c0c6da24016896ab600976056a62","builder_fee":0.12242399999999998,"total_volume":244.86988,"count":22},{"user":"0xfca57b62af5223b594b3e8e05c9fd06deed3df29","builder_fee":0.3855949999999999,"total_volume":771.2171779999999,"count":28},{"user":"0xbd20cc5fc16c65a39de5a2ed5ea19f322d34367a","builder_fee":0.143478,"total_volume":286.96166,"count":8}],"summary":true}