{"revenue":0.20329600000000003,"volume":406.60546000000005,"count":18,"uniqueUsers":2,"userAggregations":[{"user":"0xab0bf845373146569233ce22f864d624da51f72d","builder_fee":0.16379800000000003,"total_volume":327.60408,"count":12},{"user":"0x18b856a7a0c3c0c6da24016896ab600976056a62","builder_fee":0.039498000000000005,"total_volume":79.00138,"count":6}],"summary":true}