{"revenue":0.608172,"volume":1216.4042499999998,"count":75,"uniqueUsers":2,"userAggregations":[{"user":"0x18b856a7a0c3c0c6da24016896ab600976056a62","builder_fee":0.3436059999999999,"total_volume":687.24657,"count":46},{"user":"0xab0bf845373146569233ce22f864d624da51f72d","builder_fee":0.264566,"total_volume":529.15768,"count":29}],"summary":true}