{"revenue":13.186646999999999,"volume":37676.15353,"count":15,"uniqueUsers":1,"userAggregations":[{"user":"0xc78f56dfa72c93b46ddd5201549abd7508c7aa6d","builder_fee":13.186646999999999,"total_volume":37676.15353,"count":15}],"summary":true}
