{"revenue":17.496746,"volume":52550.61191000001,"count":17,"uniqueUsers":3,"userAggregations":[{"user":"0x9767d532c26236cd96f6167f481a0bc61a46104c","builder_fee":0.7479939999999999,"total_volume":2412.89549,"count":6},{"user":"0xe5774ef92a1d4c95c4ec675e1558994faac59302","builder_fee":6.195689,"total_volume":19986.1047,"count":9},{"user":"0x4730a3a53f0e513723ffe3b71dede6dc260193dd","builder_fee":10.553063,"total_volume":30151.61172,"count":2}],"summary":true}