{"revenue":0.501845,"volume":1433.88727,"count":32,"uniqueUsers":2,"userAggregations":[{"user":"0xbbd9e507aa1f66f85685047ea563558e692294f2","builder_fee":0.036791000000000004,"total_volume":105.12726,"count":7},{"user":"0x1ca37797bdbc9f12c2077ebe17a1e93f2619aedf","builder_fee":0.465054,"total_volume":1328.76001,"count":25}],"summary":true}