{"revenue":0.18617199999999998,"volume":1241.17271,"count":8,"uniqueUsers":2,"userAggregations":[{"user":"0x1ca37797bdbc9f12c2077ebe17a1e93f2619aedf","builder_fee":0.122984,"total_volume":819.9087000000001,"count":4},{"user":"0xee19e84a494768a636d6beb0ad5a60eb9f7cbcf3","builder_fee":0.063188,"total_volume":421.26401,"count":4}],"summary":true}
