{"revenue":0.11260099999999999,"volume":750.6895400000001,"count":4,"uniqueUsers":1,"userAggregations":[{"user":"0x1ca37797bdbc9f12c2077ebe17a1e93f2619aedf","builder_fee":0.11260099999999999,"total_volume":750.6895400000001,"count":4}],"summary":true}