{"revenue":0.009452,"volume":63.019532,"count":2,"uniqueUsers":1,"userAggregations":[{"user":"0x2d9fa4572636466a996d72d059523b4b823236af","builder_fee":0.009452,"total_volume":63.019532,"count":2}],"summary":true}