{"revenue":0.007027,"volume":20.07888,"count":1,"uniqueUsers":1,"userAggregations":[{"user":"0xbbd9e507aa1f66f85685047ea563558e692294f2","builder_fee":0.007027,"total_volume":20.07888,"count":1}],"summary":true}