{"revenue":0.010555,"volume":30.160800000000002,"count":2,"uniqueUsers":1,"userAggregations":[{"user":"0xbbd9e507aa1f66f85685047ea563558e692294f2","builder_fee":0.010555,"total_volume":30.160800000000002,"count":2}],"summary":true}
