{"revenue":19.410414000000006,"volume":56337.69919099997,"count":93,"uniqueUsers":4,"userAggregations":[{"user":"0xbbd9e507aa1f66f85685047ea563558e692294f2","builder_fee":12.103689000000006,"total_volume":34582.026435,"count":44},{"user":"0xb6d277d44bf7eaec5eaaea1acd8c8fd932949a89","builder_fee":0.9062530000000001,"total_volume":2589.32498,"count":21},{"user":"0xee19e84a494768a636d6beb0ad5a60eb9f7cbcf3","builder_fee":0.41030999999999995,"total_volume":2051.57381,"count":10},{"user":"0xe81d000c973935d75415c3764756f0dd140c27af","builder_fee":5.990162,"total_volume":17114.773966,"count":18}],"summary":true}
