{"revenue":42.63385299999998,"volume":124544.722823,"count":124,"uniqueUsers":4,"userAggregations":[{"user":"0xc78f56dfa72c93b46ddd5201549abd7508c7aa6d","builder_fee":37.20295500000001,"total_volume":106294.310354,"count":104},{"user":"0x395220bb63eeab82cbf7f63edaf18e788886028d","builder_fee":3.2286710000000003,"total_volume":10415.071759999999,"count":2},{"user":"0xb7a5ecde258f0aa70c059e6f986f5f5ed56a2d7b","builder_fee":0.08618300000000001,"total_volume":278.029909,"count":13},{"user":"0x3f6353c26e7645561b9861108d697d15e0f1884b","builder_fee":2.116044,"total_volume":7557.3108,"count":5}],"summary":true}