{"revenue":234.1082389999999,"volume":668880.7911549998,"count":75,"uniqueUsers":3,"userAggregations":[{"user":"0xf46f4495164c5fa3a6a66a03b8826ad02d419a88","builder_fee":221.87754299999995,"total_volume":633935.9350239998,"count":63},{"user":"0x8dc55590f62c5fd8aa9dd8b2f3c663cd1c50b2ff","builder_fee":4.716821,"total_volume":13476.639801000001,"count":10},{"user":"0x3f9178a8d33eb83867e3f3c0b3fe09f9c9327bb1","builder_fee":7.513875,"total_volume":21468.216329999996,"count":2}],"summary":true}