{"revenue":46.331214,"volume":132374.95862999998,"count":44,"uniqueUsers":4,"userAggregations":[{"user":"0xe81d000c973935d75415c3764756f0dd140c27af","builder_fee":36.629522,"total_volume":104655.79951,"count":15},{"user":"0xb6d277d44bf7eaec5eaaea1acd8c8fd932949a89","builder_fee":0.209928,"total_volume":599.80484,"count":11},{"user":"0xc78f56dfa72c93b46ddd5201549abd7508c7aa6d","builder_fee":9.281728,"total_volume":26519.250780000002,"count":16},{"user":"0x1ca37797bdbc9f12c2077ebe17a1e93f2619aedf","builder_fee":0.210036,"total_volume":600.1034999999999,"count":2}],"summary":true}
