{"revenue":0.105732,"volume":704.9113850000001,"count":8,"uniqueUsers":2,"userAggregations":[{"user":"0x2d9fa4572636466a996d72d059523b4b823236af","builder_fee":0.01574,"total_volume":104.960985,"count":7},{"user":"0x1ca37797bdbc9f12c2077ebe17a1e93f2619aedf","builder_fee":0.089992,"total_volume":599.9504000000001,"count":1}],"summary":true}