{"revenue":14.150205000000001,"volume":41999.966334000004,"count":44,"uniqueUsers":4,"userAggregations":[{"user":"0xee19e84a494768a636d6beb0ad5a60eb9f7cbcf3","builder_fee":0.6127750000000001,"total_volume":3063.9228160000002,"count":21},{"user":"0xe81d000c973935d75415c3764756f0dd140c27af","builder_fee":13.364860000000002,"total_volume":38185.33760800001,"count":14},{"user":"0x919c24790ecf2a0a894fd3543e41f2132811662f","builder_fee":0.12022799999999999,"total_volume":601.15261,"count":7},{"user":"0xb6d277d44bf7eaec5eaaea1acd8c8fd932949a89","builder_fee":0.052342,"total_volume":149.5533,"count":2}],"summary":true}