{"revenue":4.360381999999999,"volume":12458.312560000002,"count":57,"uniqueUsers":2,"userAggregations":[{"user":"0x1ca37797bdbc9f12c2077ebe17a1e93f2619aedf","builder_fee":0.24101099999999986,"total_volume":688.6245799999999,"count":18},{"user":"0xbbd9e507aa1f66f85685047ea563558e692294f2","builder_fee":4.119371,"total_volume":11769.687980000002,"count":39}],"summary":true}
