{"revenue":31.577997999999997,"volume":100729.756487,"count":27,"uniqueUsers":4,"userAggregations":[{"user":"0xc78f56dfa72c93b46ddd5201549abd7508c7aa6d","builder_fee":3.078136,"total_volume":8794.688006999999,"count":11},{"user":"0xb7a5ecde258f0aa70c059e6f986f5f5ed56a2d7b","builder_fee":0.024491,"total_volume":79.00905,"count":3},{"user":"0x2ca67f2ccbf6d41d13ef7362ad480a414b9004e8","builder_fee":27.899055000000004,"total_volume":89996.97136,"count":10},{"user":"0x0fb5eda2b03ba2658142f7e835fbcb30e345511b","builder_fee":0.576316,"total_volume":1859.08807,"count":3}],"summary":true}