{"revenue":0.105551,"volume":703.68543,"count":4,"uniqueUsers":1,"userAggregations":[{"user":"0x1ca37797bdbc9f12c2077ebe17a1e93f2619aedf","builder_fee":0.105551,"total_volume":703.68543,"count":4}],"summary":true}