{"revenue":0.23313799999999996,"volume":1554.3020249999997,"count":15,"uniqueUsers":2,"userAggregations":[{"user":"0x848525db61dc9951f009da66927ccf8199845978","builder_fee":0.0060739999999999995,"total_volume":40.49377,"count":2},{"user":"0x1ca37797bdbc9f12c2077ebe17a1e93f2619aedf","builder_fee":0.227064,"total_volume":1513.8082550000001,"count":13}],"summary":true}
