{"revenue":0.153572,"volume":295.3357,"count":6,"uniqueUsers":3,"userAggregations":[{"user":"0xd16328cd91c1e97e63d881d40026bcdea2cd3284","builder_fee":0.058961,"total_volume":113.388,"count":1},{"user":"0x0cc7f5c4ccb6cc2138fbda71c26bb44cdcdfdf32","builder_fee":0.039980999999999996,"total_volume":76.8889,"count":3},{"user":"0xa30e3aca5592fe0f78438524f928f42df8040a6a","builder_fee":0.05463,"total_volume":105.05879999999999,"count":2}],"summary":true}
