{"revenue":0.052573999999999996,"volume":525.8068400000001,"count":13,"uniqueUsers":1,"userAggregations":[{"user":"0x70e95442d87f91d947b863bde18344a4f552223d","builder_fee":0.052573999999999996,"total_volume":525.8068400000001,"count":13}],"summary":true}