{"revenue":405.58228599999956,"volume":2027912.6809879984,"count":585,"uniqueUsers":4,"userAggregations":[{"user":"0xb88cac49873c819d80a698521849309839708e2d","builder_fee":0.261058,"total_volume":1305.3116599999996,"count":10},{"user":"0x1c4e4fce5570740188b54f0295ce71904877c8b0","builder_fee":358.0757949999996,"total_volume":1790380.041323999,"count":500},{"user":"0xb1580e5fe8957b72bae3f8bb33ca4221562c59f6","builder_fee":0.064935,"total_volume":324.678,"count":1},{"user":"0xaad557511c0a41331b4cf9df12a33e15b7edd785","builder_fee":47.18049800000001,"total_volume":235902.65000399994,"count":74}],"summary":true}