{"revenue":0.29423700000000014,"volume":914.7389700000001,"count":41,"uniqueUsers":4,"userAggregations":[{"user":"0x3831d4a763beb28d745ece3781a2bc20df378a54","builder_fee":0.05031100000000001,"total_volume":202.79247999999995,"count":17},{"user":"0x71791906152fc0964d626ada10ce7a696371b5e2","builder_fee":0.14504799999999998,"total_volume":303.81343,"count":10},{"user":"0xd196a1114e18d521130bcd17411b22ab597b8977","builder_fee":0.051084,"total_volume":169.15984,"count":10},{"user":"0x6f703123ff932d9b280f4a8240fb71ab544ea0b9","builder_fee":0.047793999999999996,"total_volume":238.97321999999997,"count":4}],"summary":true}
