{"revenue":196.20467100000016,"volume":981024.0846180001,"count":279,"uniqueUsers":4,"userAggregations":[{"user":"0x1c4e4fce5570740188b54f0295ce71904877c8b0","builder_fee":160.21764199999996,"total_volume":801088.4886400001,"count":130},{"user":"0x71791906152fc0964d626ada10ce7a696371b5e2","builder_fee":0.004365,"total_volume":21.83175,"count":2},{"user":"0xaad557511c0a41331b4cf9df12a33e15b7edd785","builder_fee":35.96716799999998,"total_volume":179836.28350799996,"count":146},{"user":"0xb88cac49873c819d80a698521849309839708e2d","builder_fee":0.015496,"total_volume":77.48072,"count":1}],"summary":true}
