{"revenue":0.5484309999999999,"volume":1187.70152,"count":33,"uniqueUsers":1,"userAggregations":[{"user":"0x70e95442d87f91d947b863bde18344a4f552223d","builder_fee":0.5484309999999999,"total_volume":1187.70152,"count":33}],"summary":true}