{"revenue":0.133078,"volume":266.16448,"count":14,"uniqueUsers":1,"userAggregations":[{"user":"0x70e95442d87f91d947b863bde18344a4f552223d","builder_fee":0.133078,"total_volume":266.16448,"count":14}],"summary":true}
