{"revenue":0.8318900000000001,"volume":1663.8072880000002,"count":35,"uniqueUsers":3,"userAggregations":[{"user":"0x3831d4a763beb28d745ece3781a2bc20df378a54","builder_fee":0.09112999999999999,"total_volume":182.27038,"count":13},{"user":"0xd196a1114e18d521130bcd17411b22ab597b8977","builder_fee":0.059647000000000006,"total_volume":119.302568,"count":8},{"user":"0x71791906152fc0964d626ada10ce7a696371b5e2","builder_fee":0.681113,"total_volume":1362.23434,"count":14}],"summary":true}