{"revenue":0.10892700000000001,"volume":217.86285999999998,"count":11,"uniqueUsers":1,"userAggregations":[{"user":"0x3831d4a763beb28d745ece3781a2bc20df378a54","builder_fee":0.10892700000000001,"total_volume":217.86285999999998,"count":11}],"summary":true}