{"revenue":0.18175600000000003,"volume":363.53092000000004,"count":20,"uniqueUsers":2,"userAggregations":[{"user":"0x70e95442d87f91d947b863bde18344a4f552223d","builder_fee":0.10757900000000001,"total_volume":215.17415999999997,"count":16},{"user":"0xd196a1114e18d521130bcd17411b22ab597b8977","builder_fee":0.07417699999999999,"total_volume":148.35676,"count":4}],"summary":true}
