{"revenue":0.015195,"volume":30.392010000000006,"count":2,"uniqueUsers":1,"userAggregations":[{"user":"0x70e95442d87f91d947b863bde18344a4f552223d","builder_fee":0.015195,"total_volume":30.392010000000006,"count":2}],"summary":true}
