{"revenue":0.23764899999999997,"volume":475.32454000000007,"count":26,"uniqueUsers":2,"userAggregations":[{"user":"0x70e95442d87f91d947b863bde18344a4f552223d","builder_fee":0.015744,"total_volume":31.4912,"count":3},{"user":"0xd196a1114e18d521130bcd17411b22ab597b8977","builder_fee":0.221905,"total_volume":443.8333400000001,"count":23}],"summary":true}