{"revenue":0.37326000000000004,"volume":746.5431799999999,"count":27,"uniqueUsers":1,"userAggregations":[{"user":"0x70e95442d87f91d947b863bde18344a4f552223d","builder_fee":0.37326000000000004,"total_volume":746.5431799999999,"count":27}],"summary":true}