{"revenue":0.5323249999999999,"volume":1064.697836,"count":55,"uniqueUsers":2,"userAggregations":[{"user":"0xd196a1114e18d521130bcd17411b22ab597b8977","builder_fee":0.5271009999999999,"total_volume":1054.248836,"count":54},{"user":"0x70e95442d87f91d947b863bde18344a4f552223d","builder_fee":0.005224,"total_volume":10.449,"count":1}],"summary":true}
