{"revenue":0.527146,"volume":1054.3064379999998,"count":13,"uniqueUsers":3,"userAggregations":[{"user":"0xd196a1114e18d521130bcd17411b22ab597b8977","builder_fee":0.283792,"total_volume":567.58999,"count":5},{"user":"0x3831d4a763beb28d745ece3781a2bc20df378a54","builder_fee":0.044384,"total_volume":88.77483799999999,"count":6},{"user":"0x71791906152fc0964d626ada10ce7a696371b5e2","builder_fee":0.19896999999999998,"total_volume":397.94160999999997,"count":2}],"summary":true}