{"revenue":0.20427900000000002,"volume":204.28304000000003,"count":11,"uniqueUsers":1,"userAggregations":[{"user":"0xb9f930ab9fa0a7a6b6705cab14d7cec56de8b852","builder_fee":0.20427900000000002,"total_volume":204.28304000000003,"count":11}],"summary":true}