{"revenue":23.927367000000007,"volume":23927.376129999993,"count":24,"uniqueUsers":2,"userAggregations":[{"user":"0xb9f930ab9fa0a7a6b6705cab14d7cec56de8b852","builder_fee":9.873178000000001,"total_volume":9873.181590000002,"count":8},{"user":"0x70e218164e6a59ae756107d0d6ec2c498110bc2e","builder_fee":14.054189,"total_volume":14054.194539999999,"count":16}],"summary":true}
