{"revenue":0.023607999999999997,"volume":23.6088,"count":2,"uniqueUsers":1,"userAggregations":[{"user":"0xb9f930ab9fa0a7a6b6705cab14d7cec56de8b852","builder_fee":0.023607999999999997,"total_volume":23.6088,"count":2}],"summary":true}
