{"revenue":0.032359,"volume":32.359500000000004,"count":1,"uniqueUsers":1,"userAggregations":[{"user":"0xb9f930ab9fa0a7a6b6705cab14d7cec56de8b852","builder_fee":0.032359,"total_volume":32.359500000000004,"count":1}],"summary":true}
