{"revenue":0.003928,"volume":39.280789999999996,"count":2,"uniqueUsers":1,"userAggregations":[{"user":"0xf6a6917609d6c35760d9f3b6e427aa407c40390e","builder_fee":0.003928,"total_volume":39.280789999999996,"count":2}],"summary":true}