{"revenue":0.20086099999999998,"volume":2008.6636199999998,"count":9,"uniqueUsers":1,"userAggregations":[{"user":"0x55b5fca9275e65d7969ecf7928001761d09c8c8a","builder_fee":0.20086099999999998,"total_volume":2008.6636199999998,"count":9}],"summary":true}