{"revenue":4.430744,"volume":44307.49031,"count":11,"uniqueUsers":3,"userAggregations":[{"user":"0x81476acee7bf3f80c7f3dd647a6117904417bb0a","builder_fee":2.9548900000000002,"total_volume":29548.9025,"count":2},{"user":"0x4ef01688c9dff6f7140f41173a9727acb6e77095","builder_fee":1.4655850000000001,"total_volume":14655.88901,"count":8},{"user":"0x50fffb2af5f9158c9d71742ab7ac92190dfc9430","builder_fee":0.010269,"total_volume":102.69879999999999,"count":1}],"summary":true}