{"revenue":0.035757,"volume":357.59377,"count":4,"uniqueUsers":2,"userAggregations":[{"user":"0x3ea6fbedb2ce5f1946b4a1afe6f75b94eb171435","builder_fee":0.020395,"total_volume":203.96189999999999,"count":2},{"user":"0x55b5fca9275e65d7969ecf7928001761d09c8c8a","builder_fee":0.015362,"total_volume":153.63187,"count":2}],"summary":true}
