{"revenue":0.155673,"volume":1556.75613,"count":5,"uniqueUsers":1,"userAggregations":[{"user":"0x55b5fca9275e65d7969ecf7928001761d09c8c8a","builder_fee":0.155673,"total_volume":1556.75613,"count":5}],"summary":true}
