{"revenue":0.03491899999999999,"volume":349.22193,"count":6,"uniqueUsers":2,"userAggregations":[{"user":"0x55b5fca9275e65d7969ecf7928001761d09c8c8a","builder_fee":0.030940999999999996,"total_volume":309.4251,"count":4},{"user":"0xf6a6917609d6c35760d9f3b6e427aa407c40390e","builder_fee":0.003978,"total_volume":39.79683,"count":2}],"summary":true}
