{"revenue":1.5405130000000002,"volume":15405.492489999999,"count":70,"uniqueUsers":2,"userAggregations":[{"user":"0x647ddd775ea111bb4abd2ae18175d414b5b83f0c","builder_fee":0.30517600000000017,"total_volume":3052.0555799999984,"count":58},{"user":"0x49a8ae7aaeb3f906add652ad1f93b540c9f172d0","builder_fee":1.235337,"total_volume":12353.436909999999,"count":12}],"summary":true}