{"revenue":0.219239,"volume":1096.21721,"count":6,"uniqueUsers":2,"userAggregations":[{"user":"0xec011b2e469ecf589233348e87eed2b982d132c4","builder_fee":0.198369,"total_volume":991.85669,"count":3},{"user":"0x00d90209fe5a766ebb4b004330068a2240ef9d6f","builder_fee":0.02087,"total_volume":104.36052000000001,"count":3}],"summary":true}