{"revenue":0.052685,"volume":263.427,"count":1,"uniqueUsers":1,"userAggregations":[{"user":"0xec011b2e469ecf589233348e87eed2b982d132c4","builder_fee":0.052685,"total_volume":263.427,"count":1}],"summary":true}
