{"revenue":0.192438,"volume":962.1967399999999,"count":2,"uniqueUsers":2,"userAggregations":[{"user":"0x171f710d7d32048a7ce5208208072705b62bda80","builder_fee":0.002618,"total_volume":13.093,"count":1},{"user":"0x58efcc13cfd04d47bd87bbca4dacf5dcb12b4b20","builder_fee":0.18982,"total_volume":949.1037399999999,"count":1}],"summary":true}
