{"revenue":0.006137,"volume":30.69212,"count":3,"uniqueUsers":1,"userAggregations":[{"user":"0x00d90209fe5a766ebb4b004330068a2240ef9d6f","builder_fee":0.006137,"total_volume":30.69212,"count":3}],"summary":true}