{"revenue":2.877243,"volume":14386.240249999999,"count":13,"uniqueUsers":4,"userAggregations":[{"user":"0x9548e776151e2a3661171aceb4d7ac44b67a616a","builder_fee":0.006827,"total_volume":34.13626,"count":1},{"user":"0x1178b75d58308ec66340f779ca4f62322e5bc83d","builder_fee":0.132716,"total_volume":663.58198,"count":1},{"user":"0x58efcc13cfd04d47bd87bbca4dacf5dcb12b4b20","builder_fee":0.16716,"total_volume":835.8065300000001,"count":4},{"user":"0x180e51539d544cc86af34adea27e67efca90ccf5","builder_fee":2.5705400000000003,"total_volume":12852.715479999999,"count":7}],"summary":true}
