{"revenue":0.25044399999999994,"volume":1252.2574299999999,"count":16,"uniqueUsers":2,"userAggregations":[{"user":"0xec011b2e469ecf589233348e87eed2b982d132c4","builder_fee":0.138631,"total_volume":693.1644,"count":4},{"user":"0x00d90209fe5a766ebb4b004330068a2240ef9d6f","builder_fee":0.111813,"total_volume":559.09303,"count":12}],"summary":true}
