{"revenue":3.189682,"volume":15948.479940000001,"count":36,"uniqueUsers":1,"userAggregations":[{"user":"0xec011b2e469ecf589233348e87eed2b982d132c4","builder_fee":3.189682,"total_volume":15948.479940000001,"count":36}],"summary":true}
