{"revenue":0.283718,"volume":1418.6052800000002,"count":8,"uniqueUsers":1,"userAggregations":[{"user":"0xec011b2e469ecf589233348e87eed2b982d132c4","builder_fee":0.283718,"total_volume":1418.6052800000002,"count":8}],"summary":true}