{"revenue":0.03573,"volume":178.64999999999998,"count":2,"uniqueUsers":1,"userAggregations":[{"user":"0xec011b2e469ecf589233348e87eed2b982d132c4","builder_fee":0.03573,"total_volume":178.64999999999998,"count":2}],"summary":true}