{"revenue":0.240719,"volume":1203.6171099999997,"count":9,"uniqueUsers":4,"userAggregations":[{"user":"0xec011b2e469ecf589233348e87eed2b982d132c4","builder_fee":0.11170100000000001,"total_volume":558.5094499999999,"count":3},{"user":"0xe00043bec76adedea3004b55381928eed5d7e184","builder_fee":0.060053,"total_volume":300.26759999999996,"count":1},{"user":"0x00d90209fe5a766ebb4b004330068a2240ef9d6f","builder_fee":0.009057,"total_volume":45.28826,"count":1},{"user":"0xa196014110188765dd853869d14d14ca6bb42e0a","builder_fee":0.059908,"total_volume":299.5518,"count":4}],"summary":true}
