{"revenue":0.08976600000000001,"volume":448.8404499999999,"count":6,"uniqueUsers":2,"userAggregations":[{"user":"0xec011b2e469ecf589233348e87eed2b982d132c4","builder_fee":0.08346,"total_volume":417.30557999999996,"count":3},{"user":"0x00d90209fe5a766ebb4b004330068a2240ef9d6f","builder_fee":0.006305999999999999,"total_volume":31.534869999999998,"count":3}],"summary":true}
