{"revenue":0.20587,"volume":1029.35478,"count":2,"uniqueUsers":1,"userAggregations":[{"user":"0xec011b2e469ecf589233348e87eed2b982d132c4","builder_fee":0.20587,"total_volume":1029.35478,"count":2}],"summary":true}