{"revenue":0.379424,"volume":1897.13362,"count":9,"uniqueUsers":1,"userAggregations":[{"user":"0xec011b2e469ecf589233348e87eed2b982d132c4","builder_fee":0.379424,"total_volume":1897.13362,"count":9}],"summary":true}
