{"revenue":0.46771,"volume":2338.55905,"count":4,"uniqueUsers":1,"userAggregations":[{"user":"0xec011b2e469ecf589233348e87eed2b982d132c4","builder_fee":0.46771,"total_volume":2338.55905,"count":4}],"summary":true}
