{"revenue":0.226678,"volume":1133.3994400000001,"count":5,"uniqueUsers":3,"userAggregations":[{"user":"0xec011b2e469ecf589233348e87eed2b982d132c4","builder_fee":0.09462499999999999,"total_volume":473.12764000000004,"count":3},{"user":"0xe00043bec76adedea3004b55381928eed5d7e184","builder_fee":0.062466,"total_volume":312.33389999999997,"count":1},{"user":"0x00d90209fe5a766ebb4b004330068a2240ef9d6f","builder_fee":0.069587,"total_volume":347.9379,"count":1}],"summary":true}
