{"revenue":0.053157,"volume":265.78881,"count":2,"uniqueUsers":1,"userAggregations":[{"user":"0xec011b2e469ecf589233348e87eed2b982d132c4","builder_fee":0.053157,"total_volume":265.78881,"count":2}],"summary":true}