{"revenue":2.164845,"volume":10824.283070000001,"count":23,"uniqueUsers":3,"userAggregations":[{"user":"0x1178b75d58308ec66340f779ca4f62322e5bc83d","builder_fee":0.029971,"total_volume":149.8599,"count":3},{"user":"0xe00043bec76adedea3004b55381928eed5d7e184","builder_fee":0.143403,"total_volume":717.0208,"count":3},{"user":"0x180e51539d544cc86af34adea27e67efca90ccf5","builder_fee":1.991471,"total_volume":9957.402370000002,"count":17}],"summary":true}
