{"revenue":0.031110000000000002,"volume":155.5687,"count":7,"uniqueUsers":1,"userAggregations":[{"user":"0x00d90209fe5a766ebb4b004330068a2240ef9d6f","builder_fee":0.031110000000000002,"total_volume":155.5687,"count":7}],"summary":true}
