{"revenue":10.414275000000004,"volume":52071.439593,"count":25,"uniqueUsers":3,"userAggregations":[{"user":"0x180e51539d544cc86af34adea27e67efca90ccf5","builder_fee":10.086235000000002,"total_volume":50431.23577300001,"count":23},{"user":"0x58efcc13cfd04d47bd87bbca4dacf5dcb12b4b20","builder_fee":0.191539,"total_volume":957.6981499999999,"count":1},{"user":"0x20cdbe232e212a511244f5d4637ce2b107edbd0d","builder_fee":0.136501,"total_volume":682.5056700000001,"count":1}],"summary":true}