{"revenue":60.416767000000014,"volume":172619.48021299997,"count":108,"uniqueUsers":3,"userAggregations":[{"user":"0xc78f56dfa72c93b46ddd5201549abd7508c7aa6d","builder_fee":60.138250000000006,"total_volume":171823.71457299998,"count":105},{"user":"0x25fe8dab5f3e43d9b4dfea40507b95d8bdc568a6","builder_fee":0.105088,"total_volume":300.2538,"count":2},{"user":"0x032dce80aacb2bba59fea3e9b881e0aeb505886d","builder_fee":0.173429,"total_volume":495.51184,"count":1}],"summary":true}
