{"revenue":14.995037999999994,"volume":42843.029599000016,"count":49,"uniqueUsers":3,"userAggregations":[{"user":"0xe81d000c973935d75415c3764756f0dd140c27af","builder_fee":7.583308,"total_volume":21666.620359,"count":21},{"user":"0xb6d277d44bf7eaec5eaaea1acd8c8fd932949a89","builder_fee":0.10534199999999999,"total_volume":300.98324,"count":3},{"user":"0xe5774ef92a1d4c95c4ec675e1558994faac59302","builder_fee":7.306388000000002,"total_volume":20875.426,"count":25}],"summary":true}
