{"revenue":0.018801,"volume":125.35274000000001,"count":2,"uniqueUsers":1,"userAggregations":[{"user":"0x1ca37797bdbc9f12c2077ebe17a1e93f2619aedf","builder_fee":0.018801,"total_volume":125.35274000000001,"count":2}],"summary":true}
