{"revenue":5.180021,"volume":15465.558969999998,"count":12,"uniqueUsers":4,"userAggregations":[{"user":"0x99997b6a0a0f0238c8c6bca232defe9002a95af1","builder_fee":0.004594,"total_volume":14.82117,"count":1},{"user":"0x2c6fcb44d95d9bcd06843ad1f247e353784eefb1","builder_fee":1.6067369999999999,"total_volume":5183.04048,"count":9},{"user":"0x5392c0b0e7190c41d4cc008d3ea8b2137c96e813","builder_fee":0.193772,"total_volume":625.07288,"count":1},{"user":"0x00a35c4bc66d75d7a86d3c0d8e5ee95628d6f44c","builder_fee":3.374918,"total_volume":9642.62444,"count":1}],"summary":true}
