{"revenue":7.933517,"volume":22667.209290000003,"count":14,"uniqueUsers":3,"userAggregations":[{"user":"0xb6d277d44bf7eaec5eaaea1acd8c8fd932949a89","builder_fee":0.07036500000000001,"total_volume":201.0456,"count":2},{"user":"0xe5774ef92a1d4c95c4ec675e1558994faac59302","builder_fee":1.709285,"total_volume":4883.675209999999,"count":3},{"user":"0xe81d000c973935d75415c3764756f0dd140c27af","builder_fee":6.153867,"total_volume":17582.48848,"count":9}],"summary":true}
