{"revenue":0.100539,"volume":670.26749,"count":2,"uniqueUsers":1,"userAggregations":[{"user":"0x1ca37797bdbc9f12c2077ebe17a1e93f2619aedf","builder_fee":0.100539,"total_volume":670.26749,"count":2}],"summary":true}
