{"revenue":8.891668000000001,"volume":25404.794198000003,"count":26,"uniqueUsers":3,"userAggregations":[{"user":"0x2d9fa4572636466a996d72d059523b4b823236af","builder_fee":0.00462,"total_volume":13.200000000000001,"count":1},{"user":"0xb6d277d44bf7eaec5eaaea1acd8c8fd932949a89","builder_fee":0.8346229999999999,"total_volume":2384.6493499999997,"count":12},{"user":"0xe81d000c973935d75415c3764756f0dd140c27af","builder_fee":8.052425,"total_volume":23006.944848,"count":13}],"summary":true}
