{"revenue":0.22498800000000002,"volume":1499.9320349999998,"count":4,"uniqueUsers":1,"userAggregations":[{"user":"0x1ca37797bdbc9f12c2077ebe17a1e93f2619aedf","builder_fee":0.22498800000000002,"total_volume":1499.9320349999998,"count":4}],"summary":true}
