{"revenue":25.436819999999994,"volume":72676.69331,"count":54,"uniqueUsers":4,"userAggregations":[{"user":"0x0c4c49d05015132a641febe1def8cafd6695a26c","builder_fee":17.505997999999998,"total_volume":50017.17643,"count":29},{"user":"0x95dae4fa6d5eea28ff9e980fd6dfb9f12c4c6d78","builder_fee":0.18499300000000002,"total_volume":528.55635,"count":8},{"user":"0x458c6d281e88423783fc9b3befd99de56c05049d","builder_fee":7.324652,"total_volume":20927.59429,"count":14},{"user":"0xb27f7834b149d26dfb2a644c9c31cc536e3d5510","builder_fee":0.42117699999999997,"total_volume":1203.3662399999998,"count":3}],"summary":true}
