{"revenue":2.3687639999999996,"volume":6767.931460000001,"count":18,"uniqueUsers":3,"userAggregations":[{"user":"0xd048e5e3da1117e45ac0c161b0ff94fd5a9b52e5","builder_fee":2.232224,"total_volume":6377.802690000001,"count":12},{"user":"0x458c6d281e88423783fc9b3befd99de56c05049d","builder_fee":0.055336,"total_volume":158.11264,"count":4},{"user":"0x7d372bf23b0d7fc1d06183bdecc99d6f0c724351","builder_fee":0.081204,"total_volume":232.01612999999998,"count":2}],"summary":true}
