{"revenue":2.174506,"volume":6212.889679999999,"count":14,"uniqueUsers":3,"userAggregations":[{"user":"0xd048e5e3da1117e45ac0c161b0ff94fd5a9b52e5","builder_fee":1.8958080000000002,"total_volume":5416.5993,"count":7},{"user":"0x95dae4fa6d5eea28ff9e980fd6dfb9f12c4c6d78","builder_fee":0.24849,"total_volume":709.97358,"count":1},{"user":"0x28476b314be139888dc8166fe21a766d0f91a8de","builder_fee":0.030208000000000002,"total_volume":86.3168,"count":6}],"summary":true}
