{"revenue":0.5237580000000001,"volume":1496.4850000000001,"count":28,"uniqueUsers":3,"userAggregations":[{"user":"0x458c6d281e88423783fc9b3befd99de56c05049d","builder_fee":0.16432599999999997,"total_volume":469.51894999999996,"count":11},{"user":"0x7d372bf23b0d7fc1d06183bdecc99d6f0c724351","builder_fee":0.05932400000000001,"total_volume":169.50945,"count":10},{"user":"0xd048e5e3da1117e45ac0c161b0ff94fd5a9b52e5","builder_fee":0.30010800000000004,"total_volume":857.4566,"count":7}],"summary":true}
