{"revenue":0.464622,"volume":929.259506,"count":18,"uniqueUsers":1,"userAggregations":[{"user":"0xb4ba6a99c5dfc19f19c2b8be8917dd7df4ede70c","builder_fee":0.464622,"total_volume":929.259506,"count":18}],"summary":true}