{"revenue":0.15547100000000003,"volume":310.94865500000003,"count":9,"uniqueUsers":2,"userAggregations":[{"user":"0x15cc9fcd79404345531152c16e6772514a79ae87","builder_fee":0.017959000000000003,"total_volume":35.91918,"count":2},{"user":"0xcd525f2f358c0fa32b44efb88346f9e0c1628280","builder_fee":0.13751200000000002,"total_volume":275.02947500000005,"count":7}],"summary":true}
