{"revenue":1.840008,"volume":3680.0425299999997,"count":26,"uniqueUsers":2,"userAggregations":[{"user":"0x78d421e69fa1c178fac925fb52ea958c114eb960","builder_fee":1.4428,"total_volume":2885.62481,"count":25},{"user":"0xab79b9f4d44c95f4d0e9f0e8e4b315193976cb95","builder_fee":0.397208,"total_volume":794.4177199999999,"count":1}],"summary":true}