{"revenue":0.7130600000000001,"volume":1426.13242,"count":17,"uniqueUsers":4,"userAggregations":[{"user":"0x78d421e69fa1c178fac925fb52ea958c114eb960","builder_fee":0.12024499999999999,"total_volume":240.49099999999999,"count":2},{"user":"0x9909cd80e6a338330bcc575a876c2e4ac5d014fb","builder_fee":0.125046,"total_volume":250.09224,"count":1},{"user":"0xf3db0ef40a5763d604cfb6a8887af5832bbe4a6b","builder_fee":0.190492,"total_volume":380.98573999999996,"count":2},{"user":"0xb4ba6a99c5dfc19f19c2b8be8917dd7df4ede70c","builder_fee":0.27727699999999994,"total_volume":554.56344,"count":12}],"summary":true}
