{"revenue":0.487491,"volume":974.98643,"count":5,"uniqueUsers":2,"userAggregations":[{"user":"0x78d421e69fa1c178fac925fb52ea958c114eb960","builder_fee":0.265775,"total_volume":531.5530200000001,"count":2},{"user":"0xcbaf6ae210f25cf5426d92411ef73279c7698915","builder_fee":0.221716,"total_volume":443.43341000000004,"count":3}],"summary":true}