{"revenue":7.8560440000000025,"volume":15712.149149999996,"count":58,"uniqueUsers":4,"userAggregations":[{"user":"0x3623801e561860ef3827972bf37a5876bb64aa61","builder_fee":5.984939000000001,"total_volume":11969.883849999998,"count":6},{"user":"0x78d421e69fa1c178fac925fb52ea958c114eb960","builder_fee":0.35823699999999997,"total_volume":716.4745600000001,"count":2},{"user":"0xcd525f2f358c0fa32b44efb88346f9e0c1628280","builder_fee":0.9913470000000002,"total_volume":1982.73621,"count":37},{"user":"0xb4ba6a99c5dfc19f19c2b8be8917dd7df4ede70c","builder_fee":0.521521,"total_volume":1043.05453,"count":13}],"summary":true}