{"revenue":0.044735,"volume":4474.323448000001,"count":20,"uniqueUsers":1,"userAggregations":[{"user":"0xb9d210a80f83867f4b0cd0f9187eaf37541e527e","builder_fee":0.044735,"total_volume":4474.323448000001,"count":20}],"summary":true}
