{"revenue":0.22384999999999997,"volume":22387.48266100001,"count":48,"uniqueUsers":2,"userAggregations":[{"user":"0xb652544162edc09c10a63adc871235b32dc8cfe4","builder_fee":0.008944,"total_volume":894.5777999999999,"count":3},{"user":"0x7d428715b00ae088f948a649ee457194d755b277","builder_fee":0.21490599999999999,"total_volume":21492.90486100001,"count":45}],"summary":true}
