{"revenue":0.05525800000000004,"volume":5530.279740000003,"count":98,"uniqueUsers":4,"userAggregations":[{"user":"0x3ec29bdd1b1a18c82afd4e58cdebb87191add93c","builder_fee":0.0035879999999999996,"total_volume":359.54670000000004,"count":14},{"user":"0x7b6c27e6f26b762fb2092279679e58769f4890a8","builder_fee":0.019885,"total_volume":1990.2814499999997,"count":36},{"user":"0x89b9e9730a4f8dba65022a3ab9a28c7c83e68b6c","builder_fee":0.029965,"total_volume":2997.8628299999996,"count":34},{"user":"0x4841b005ea38ca0ef6f7aa85795fa885449b4b03","builder_fee":0.00182,"total_volume":182.58875999999998,"count":14}],"summary":true}