{"revenue":0.016733000000000005,"volume":1674.0063420000001,"count":13,"uniqueUsers":2,"userAggregations":[{"user":"0x89b9e9730a4f8dba65022a3ab9a28c7c83e68b6c","builder_fee":0.016044000000000003,"total_volume":1604.95765,"count":10},{"user":"0xd323cc9c8ad7850fc443f432f7a39395452e0b99","builder_fee":0.0006889999999999999,"total_volume":69.048692,"count":3}],"summary":true}
