{"revenue":0.00204,"volume":204.70463,"count":11,"uniqueUsers":1,"userAggregations":[{"user":"0xd323cc9c8ad7850fc443f432f7a39395452e0b99","builder_fee":0.00204,"total_volume":204.70463,"count":11}],"summary":true}
