{"revenue":0.009726,"volume":972.8422999999999,"count":4,"uniqueUsers":1,"userAggregations":[{"user":"0x9c7c259eef5fc315b8a7166ba18873584f507022","builder_fee":0.009726,"total_volume":972.8422999999999,"count":4}],"summary":true}