{"revenue":0.009947,"volume":994.9530399999999,"count":4,"uniqueUsers":1,"userAggregations":[{"user":"0x3a33144438f7a2170b0578df6cce0284d74003e2","builder_fee":0.009947,"total_volume":994.9530399999999,"count":4}],"summary":true}