{"revenue":0.086936,"volume":8695.137904000001,"count":28,"uniqueUsers":1,"userAggregations":[{"user":"0x9c7c259eef5fc315b8a7166ba18873584f507022","builder_fee":0.086936,"total_volume":8695.137904000001,"count":28}],"summary":true}