{"revenue":0.006814,"volume":682.5235700000002,"count":20,"uniqueUsers":3,"userAggregations":[{"user":"0x3ec29bdd1b1a18c82afd4e58cdebb87191add93c","builder_fee":0.006276999999999999,"total_volume":628.60215,"count":16},{"user":"0xd4a772ec0c1af72f57ca9e484bf48ec05ae4d0fe","builder_fee":0.000249,"total_volume":24.991999999999997,"count":2},{"user":"0xd323cc9c8ad7850fc443f432f7a39395452e0b99","builder_fee":0.000288,"total_volume":28.92942,"count":2}],"summary":true}
