{"revenue":0.164182,"volume":16422.396134000006,"count":81,"uniqueUsers":4,"userAggregations":[{"user":"0x4841b005ea38ca0ef6f7aa85795fa885449b4b03","builder_fee":0.004768,"total_volume":477.56966000000006,"count":13},{"user":"0x3a33144438f7a2170b0578df6cce0284d74003e2","builder_fee":0.014794000000000002,"total_volume":1480.1835999999996,"count":18},{"user":"0x78e90b46ee542441e9fdcd1e072c3bc962fbd62d","builder_fee":0.00022,"total_volume":22.06008,"count":2},{"user":"0x9c7c259eef5fc315b8a7166ba18873584f507022","builder_fee":0.1444,"total_volume":14442.582794,"count":48}],"summary":true}
