{"revenue":0.004092,"volume":409.32851,"count":3,"uniqueUsers":1,"userAggregations":[{"user":"0x54e0644ac92fb4df4e684b95321f7a60897b167b","builder_fee":0.004092,"total_volume":409.32851,"count":3}],"summary":true}