{"revenue":0.007503999999999999,"volume":750.8380400000001,"count":8,"uniqueUsers":1,"userAggregations":[{"user":"0x855af539ada748d05af7d013393ae05c3a3ffb0b","builder_fee":0.007503999999999999,"total_volume":750.8380400000001,"count":8}],"summary":true}
