{"revenue":0.004469,"volume":447.55503999999996,"count":14,"uniqueUsers":2,"userAggregations":[{"user":"0x3ec29bdd1b1a18c82afd4e58cdebb87191add93c","builder_fee":0.002897,"total_volume":289.77348,"count":2},{"user":"0x4841b005ea38ca0ef6f7aa85795fa885449b4b03","builder_fee":0.0015719999999999998,"total_volume":157.78155999999998,"count":12}],"summary":true}