{"revenue":0.025698,"volume":2570.2867399999996,"count":9,"uniqueUsers":1,"userAggregations":[{"user":"0x9c7c259eef5fc315b8a7166ba18873584f507022","builder_fee":0.025698,"total_volume":2570.2867399999996,"count":9}],"summary":true}