{"revenue":0.002186,"volume":219.34877999999998,"count":14,"uniqueUsers":1,"userAggregations":[{"user":"0xd323cc9c8ad7850fc443f432f7a39395452e0b99","builder_fee":0.002186,"total_volume":219.34877999999998,"count":14}],"summary":true}