{"revenue":0.00201,"volume":201.381757,"count":7,"uniqueUsers":1,"userAggregations":[{"user":"0xd323cc9c8ad7850fc443f432f7a39395452e0b99","builder_fee":0.00201,"total_volume":201.381757,"count":7}],"summary":true}
