{"revenue":0.019828000000000002,"volume":1983.299536,"count":8,"uniqueUsers":3,"userAggregations":[{"user":"0x89b9e9730a4f8dba65022a3ab9a28c7c83e68b6c","builder_fee":0.004057,"total_volume":405.92956000000004,"count":5},{"user":"0x6ee5aee6c8148285f4d156b5b5732659c6f7bb4c","builder_fee":0.009899999999999999,"total_volume":990.17632,"count":2},{"user":"0x9c7c259eef5fc315b8a7166ba18873584f507022","builder_fee":0.005871,"total_volume":587.193656,"count":1}],"summary":true}