{"revenue":0.034998,"volume":3500.183143,"count":7,"uniqueUsers":1,"userAggregations":[{"user":"0x6ee5aee6c8148285f4d156b5b5732659c6f7bb4c","builder_fee":0.034998,"total_volume":3500.183143,"count":7}],"summary":true}