{"revenue":5.236671999999995,"volume":523671.4172810001,"count":87,"uniqueUsers":3,"userAggregations":[{"user":"0x6ee5aee6c8148285f4d156b5b5732659c6f7bb4c","builder_fee":5.229575999999996,"total_volume":522960.5527590002,"count":63},{"user":"0x3e43c64eb14d898c40d20a561594ab1de1eb50b6","builder_fee":0.006097999999999999,"total_volume":610.9190320000001,"count":22},{"user":"0x5b41334005affc6182fa8cf560f1e489f9c4a598","builder_fee":0.000998,"total_volume":99.94549,"count":2}],"summary":true}
