{"revenue":0.025778,"volume":2578.782091,"count":18,"uniqueUsers":3,"userAggregations":[{"user":"0x3ec29bdd1b1a18c82afd4e58cdebb87191add93c","builder_fee":0.000998,"total_volume":100.09688,"count":5},{"user":"0x78e90b46ee542441e9fdcd1e072c3bc962fbd62d","builder_fee":0.000784,"total_volume":78.72328999999999,"count":5},{"user":"0x9c7c259eef5fc315b8a7166ba18873584f507022","builder_fee":0.023996,"total_volume":2399.961921,"count":8}],"summary":true}
