{"revenue":0.024989,"volume":2501.05924,"count":40,"uniqueUsers":3,"userAggregations":[{"user":"0x3ec29bdd1b1a18c82afd4e58cdebb87191add93c","builder_fee":0.002004,"total_volume":200.680569,"count":5},{"user":"0x89b9e9730a4f8dba65022a3ab9a28c7c83e68b6c","builder_fee":0.021001000000000006,"total_volume":2101.12311,"count":18},{"user":"0xa46b22a3d751b8587c8fa2c7edd50914d8efbf7a","builder_fee":0.001984,"total_volume":199.255561,"count":17}],"summary":true}
