{"revenue":0.022177000000000002,"volume":2218.70671,"count":18,"uniqueUsers":2,"userAggregations":[{"user":"0xd4a772ec0c1af72f57ca9e484bf48ec05ae4d0fe","builder_fee":0.000191,"total_volume":19.167300000000004,"count":2},{"user":"0x3a33144438f7a2170b0578df6cce0284d74003e2","builder_fee":0.021986000000000002,"total_volume":2199.5394100000003,"count":16}],"summary":true}