{"revenue":0.003696,"volume":369.98463000000004,"count":8,"uniqueUsers":3,"userAggregations":[{"user":"0x4841b005ea38ca0ef6f7aa85795fa885449b4b03","builder_fee":0.00043900000000000005,"total_volume":44.06597,"count":4},{"user":"0xa46b22a3d751b8587c8fa2c7edd50914d8efbf7a","builder_fee":0.000258,"total_volume":25.91818,"count":2},{"user":"0x89b9e9730a4f8dba65022a3ab9a28c7c83e68b6c","builder_fee":0.002999,"total_volume":300.00048000000004,"count":2}],"summary":true}