{"revenue":0.016492000000000003,"volume":1650.60492,"count":33,"uniqueUsers":3,"userAggregations":[{"user":"0xd4a772ec0c1af72f57ca9e484bf48ec05ae4d0fe","builder_fee":0.002704,"total_volume":270.50748000000004,"count":2},{"user":"0x5bb9cc3824788811ae23bf7c096edfb93f674d78","builder_fee":0.010787000000000003,"total_volume":1079.8009900000002,"count":26},{"user":"0xb89fcd63bf3e0285487fea65c1046c61a503e9c8","builder_fee":0.003001,"total_volume":300.29644999999994,"count":5}],"summary":true}
