{"revenue":0.05027899999999999,"volume":5030.0947700000015,"count":40,"uniqueUsers":4,"userAggregations":[{"user":"0x7b6c27e6f26b762fb2092279679e58769f4890a8","builder_fee":0.001185,"total_volume":118.82355999999999,"count":5},{"user":"0xa46b22a3d751b8587c8fa2c7edd50914d8efbf7a","builder_fee":0.0021130000000000003,"total_volume":211.864622,"count":14},{"user":"0x9c7c259eef5fc315b8a7166ba18873584f507022","builder_fee":0.040448,"total_volume":4045.756532,"count":15},{"user":"0x855af539ada748d05af7d013393ae05c3a3ffb0b","builder_fee":0.006533,"total_volume":653.650056,"count":6}],"summary":true}