{"revenue":0.012225999999999999,"volume":1223.98565,"count":27,"uniqueUsers":3,"userAggregations":[{"user":"0x4841b005ea38ca0ef6f7aa85795fa885449b4b03","builder_fee":0.001438,"total_volume":144.40913,"count":13},{"user":"0x89b9e9730a4f8dba65022a3ab9a28c7c83e68b6c","builder_fee":0.009992000000000001,"total_volume":999.63044,"count":9},{"user":"0xd323cc9c8ad7850fc443f432f7a39395452e0b99","builder_fee":0.000796,"total_volume":79.94608000000001,"count":5}],"summary":true}
