{"revenue":0.05190000000000001,"volume":5192.02565,"count":46,"uniqueUsers":2,"userAggregations":[{"user":"0x3a33144438f7a2170b0578df6cce0284d74003e2","builder_fee":0.048426000000000004,"total_volume":4844.060079999999,"count":33},{"user":"0xd4a772ec0c1af72f57ca9e484bf48ec05ae4d0fe","builder_fee":0.0034740000000000005,"total_volume":347.96557000000007,"count":13}],"summary":true}
