{"revenue":0.024476,"volume":2448.061373,"count":9,"uniqueUsers":1,"userAggregations":[{"user":"0x9c7c259eef5fc315b8a7166ba18873584f507022","builder_fee":0.024476,"total_volume":2448.061373,"count":9}],"summary":true}