{"revenue":0.004531,"volume":453.62170199999997,"count":10,"uniqueUsers":1,"userAggregations":[{"user":"0xd4a772ec0c1af72f57ca9e484bf48ec05ae4d0fe","builder_fee":0.004531,"total_volume":453.62170199999997,"count":10}],"summary":true}
