{"revenue":0.059982999999999995,"volume":5999.142234,"count":14,"uniqueUsers":1,"userAggregations":[{"user":"0x9c7c259eef5fc315b8a7166ba18873584f507022","builder_fee":0.059982999999999995,"total_volume":5999.142234,"count":14}],"summary":true}