{"revenue":0.000249,"volume":24.96873,"count":2,"uniqueUsers":1,"userAggregations":[{"user":"0xa46b22a3d751b8587c8fa2c7edd50914d8efbf7a","builder_fee":0.000249,"total_volume":24.96873,"count":2}],"summary":true}
