{"revenue":0.008344,"volume":835.3739099999999,"count":22,"uniqueUsers":3,"userAggregations":[{"user":"0xd323cc9c8ad7850fc443f432f7a39395452e0b99","builder_fee":0.00020600000000000002,"total_volume":20.66884,"count":2},{"user":"0x4841b005ea38ca0ef6f7aa85795fa885449b4b03","builder_fee":0.00098,"total_volume":98.44568,"count":8},{"user":"0x89b9e9730a4f8dba65022a3ab9a28c7c83e68b6c","builder_fee":0.007158,"total_volume":716.2593899999999,"count":12}],"summary":true}
