{"revenue":0.024224,"volume":2423.005064,"count":13,"uniqueUsers":4,"userAggregations":[{"user":"0x9c7c259eef5fc315b8a7166ba18873584f507022","builder_fee":0.022996,"total_volume":2299.871024,"count":7},{"user":"0x3ec29bdd1b1a18c82afd4e58cdebb87191add93c","builder_fee":0.0006,"total_volume":60.107600000000005,"count":2},{"user":"0x4841b005ea38ca0ef6f7aa85795fa885449b4b03","builder_fee":0.000229,"total_volume":23.00776,"count":2},{"user":"0xd323cc9c8ad7850fc443f432f7a39395452e0b99","builder_fee":0.00039900000000000005,"total_volume":40.01868,"count":2}],"summary":true}