{"revenue":0.023237000000000004,"volume":2324.96608,"count":24,"uniqueUsers":2,"userAggregations":[{"user":"0x3a33144438f7a2170b0578df6cce0284d74003e2","builder_fee":0.022866,"total_volume":2287.65094,"count":20},{"user":"0x4841b005ea38ca0ef6f7aa85795fa885449b4b03","builder_fee":0.000371,"total_volume":37.31514000000001,"count":4}],"summary":true}
