{"revenue":0.051947999999999994,"volume":5195.8041570000005,"count":23,"uniqueUsers":3,"userAggregations":[{"user":"0x9c7c259eef5fc315b8a7166ba18873584f507022","builder_fee":0.03965599999999998,"total_volume":3966.2968670000005,"count":14},{"user":"0x3a33144438f7a2170b0578df6cce0284d74003e2","builder_fee":0.011994,"total_volume":1199.6241,"count":7},{"user":"0xdffc05aaf1be1310f9d4743d19bbb63050435c0b","builder_fee":0.000298,"total_volume":29.88319,"count":2}],"summary":true}
