{"revenue":0.013583999999999999,"volume":1358.80461,"count":7,"uniqueUsers":1,"userAggregations":[{"user":"0x9c7c259eef5fc315b8a7166ba18873584f507022","builder_fee":0.013583999999999999,"total_volume":1358.80461,"count":7}],"summary":true}