{"revenue":0.04624599999999999,"volume":4625.942559999999,"count":35,"uniqueUsers":2,"userAggregations":[{"user":"0x3a33144438f7a2170b0578df6cce0284d74003e2","builder_fee":0.026260999999999996,"total_volume":2626.880800000001,"count":25},{"user":"0x9c7c259eef5fc315b8a7166ba18873584f507022","builder_fee":0.019985000000000003,"total_volume":1999.06176,"count":10}],"summary":true}