{"revenue":0.001474,"volume":147.56760000000003,"count":2,"uniqueUsers":1,"userAggregations":[{"user":"0x89b9e9730a4f8dba65022a3ab9a28c7c83e68b6c","builder_fee":0.001474,"total_volume":147.56760000000003,"count":2}],"summary":true}
