{"revenue":1.35176,"volume":2703.52433,"count":5,"uniqueUsers":2,"userAggregations":[{"user":"0x077c1fb5ed7f355ce38a18b7eb908cdf1cc943e4","builder_fee":0.10004099999999999,"total_volume":200.08377000000004,"count":2},{"user":"0x27e58ef8a814551cc8911f39769164152c438f3b","builder_fee":1.251719,"total_volume":2503.44056,"count":3}],"summary":true}
