{"revenue":1.833145,"volume":3666.2945799999998,"count":7,"uniqueUsers":4,"userAggregations":[{"user":"0xea72a0a72fa44cadd3b45ee4be52d4914f62e960","builder_fee":0.276362,"total_volume":552.72525,"count":2},{"user":"0x10cb3dada540bf56cec59aeb083cc86c7c1fa3b2","builder_fee":0.49728400000000006,"total_volume":994.5687700000001,"count":2},{"user":"0xb4d297eb8e16ddf80ad541db34ece0cc8cdc54f7","builder_fee":0.059765,"total_volume":119.53175999999999,"count":2},{"user":"0x0c0c9bc65aaa29a1a6532bd0dc1221d03d4e0868","builder_fee":0.999734,"total_volume":1999.4687999999999,"count":1}],"summary":true}