{"revenue":1.577111,"volume":3154.2270799999997,"count":6,"uniqueUsers":2,"userAggregations":[{"user":"0xea72a0a72fa44cadd3b45ee4be52d4914f62e960","builder_fee":0.302215,"total_volume":604.4328199999999,"count":3},{"user":"0x27e58ef8a814551cc8911f39769164152c438f3b","builder_fee":1.274896,"total_volume":2549.79426,"count":3}],"summary":true}
